first_name,last_name,city,state
Katie,(Holloway) Bridge,Lake Stevens,WA
Mason,Abbiate,San Diego,CA
Mara,Abbott,Boulder,CO
Taylor,Abbott,Austin,TX
Monica,Abbott,Salinas,CA
Nia,Abdallah,Houston,TX
Justin,Abdelkader,Muskegon,MI
Abdi,Abdirahman,Tucson,AZ
Hakeem,Abdul-Saboor,Powhatan,VA
Nick,Abruzzese,Slate Hill,NY
Andrew,Abruzzo,Plymouth Meeting,PA
Adrian,Adams,Reidsville,NC
Rachael,Adams,Cincinnati,OH
Hannah,Adams,Hoschton,GA
Cammile,Adams,Cypress,TX
Bam,Adebayo,Newark,NJ
Jake,Adicoff,Sun Valley,ID
Brad,Adkins,Idalou,TX
Andrew,Adkison,Lynn Haven,FL
Nathan,Adrian,Bremerton,WA
Kenny,Agostino,Morristown,NJ
Alex,Agre,St. Paul,MN
Ali,Aguilar,Orangevale,CA
Kenny,Bednarek,Rice Lake,WI
Miko,Begossi,Alamo,CA
Elizabeth,Beisel,Saunderstown,RI
Katie,Bell,Columbus,OH
Bianka,Bell,Tampa,FL
Brian,Bell,Birmingham,AL
Mariah,Bell,Monument,CO
Kacey,Bellamy,Westfield,MA
Cedar,Bellows,Denver,CO
Chris,Benard,Cornona,CA
Garrett,Bender,Minneapolis,MN
Andy,Benesh,Rancho Palos Verdes,CA
Matty,Beniers,Hingham,MA
Rai,Benjamin,Mount Vernon,NY
Bryce,Bennett,Palisades Tahoe,CA
Eric,Bennett,Surprise,AZ
Tyler,Bennett,Wadsworth,OH
Allexis,Bennett,Corona,CA
Sidney,Bennion,Midway,UT
Gunnar,Bentz,Atlanta,GA
Haley,Beranbaum,Snohomish,WA
Ben,Berend,Steamboat Springs,CO
Hannah,McFadden,Clarksville,MD
Tatyana,McFadden,Baltimore,MD
Jennifer,McFalls,Grand Prairie,TX
Katherine,McFetridge,Thorofare,NJ
JaVale,McGee,Flint,MI
Cory,McGee,Pass Christian,MS
Natalie,McGiffert,Topanga,CA
Scott,McGough,Pittsburgh,PA
Scott,McGregor,Liberty Township,OH
Amanda,McGrory,Savoy,IL
Sam,McGuffie,Cypress,TX
Duncan,McGuire,Omaha,NE
Margaret,McIntosh,Reading,PA
Megan,McJames,Park City,UT
Kevin,McKee,Davenport ,IA
Alice,McKennis,New Castle,CO
David,McKienzie,Littleton,CO
Kiley,McKinnon,Madison,CT
Maureen,McKinnon,Marblehead,MA
Alex,McLain,Stockton Springs,ME
Katie,McLaughlin,Dana Point,CA
Brian,McLaughlin,Topsfield,MA
Marc,McLaughlin,North Billerica,MA
Sydney,McLaughlin-Levrone,Dunellen,NJ
Cambell,McMillan,Portland,OR
Ava,McNaughton,Seven Fields,PA
Stuart,McNay,Providence,RI
Brandon,McNulty,Phoenix,AZ
Holly,McPeak,Manhattan Beach,CA
Michael,McPhail,Darlington,WI
Inika,McPherson,Port Arthur,TX
Paige,McPherson,Sturgis,SD
Tony,McQuay,Suncoast,FL
Nick,Mead,Strafford,PA
Hassan,Mead,Eugene ,OR
Evan,Medell,Grand Haven,MI
Bryce,Mefford,El Dorado Hills,CA
Katie,Meili,Colleyville,TX
Derrick,Mein,Paola,KS
Gerek,Meinhardt,San Francisco,CA
Nicole,Melichar,Stuart,FL
Cody,Melphy,Littleton,CO
Chuck,Melton,Richview,IL
Miranda,Melville,Rush,NY
Kevin,Mendez,Lighthouse Point,FL
Kyle,Merber,Dix Hills,NY
Mo,Mercado,Temecula,CA
Tyler,Merren,Fort Wayne,IN
Trenten,Merrill,San Juan Capistrano,CA
Maggie,Merriman,Orlando,FL
Kirsti,Merritt,Lake Panasoffkee,FL
Aries,Merritt,Atlanta,GA
LaShawn,Merritt,Portsmouth,VA
Alice,Merryweather,Hingham,MA
Kristie,Mewis,Hanson,MA
Samantha,Mewis,Hanson,MA
Lindsay,Meyer,Seattle,WA
Scott,Meyer,Frisco,CO
Austin,Meyer,Cohoes,NY
Ben,Meyers,Delano,MN
Becca,Meyers,Baltimore,MD
Elana,Meyers Taylor,Douglasville,GA
Tyler,Micheli,Pueblo,CO
Sam,Michener,Gresham,OR
Maria,Michta-Coffey,Nesconset,NY
Erik,Middendorf,Scottsdale,AZ
Noah,Middlestaedt,Saint Cloud,MN
Khris,Middleton,Charleston,SC
Andy,Miele,Grosse Pointe Woods,MI
Taylor,Mikesell,Massillon,OH
Alex,Miklasevich,Pittsburgh,PA
Paul,Miklovic,Caro,MI
Sam,Mikulak,Newport Beach,CA
Mindy,Miles,Weatherford,TX
Emil,Milev,Tampa,FL
Nichole,Millage,Champaign,IL
Ryan,Millar,Alpine,UT
Desiree,Miller,Monroe,WA
Zachary,Miller,Silverthorne,CO
Bode,Miller,Franconia,NH
Kaitlynn,Miller,Elmore,VT
Matt,Miller,Springfield,VA
Cody,Miller,Las Vegas,NV
Maxwell,Miller,The Woodlands,TX
Chris,Miller,Gainesville,GA
Grace,Miller,Palmer,AK
Asya,Miller,Portland,OR
Nikiha,Miller,Virginia Beach,VA
Heather,Miller-Koch,Columbus,WI
Rielly,Milne,Woodinville,WA
Ross,Minor,Colorado Springs,CO
Mike,Minor,Frisco,CO
Kayla,Miracle,Bloomington,IN
Josh,Misiewicz,La Grange,IL
Cassie,Mitchell,Warner ,OK
Manteo,Mitchell,Shelby,NC
Brandis,Miyazaki,"Wahiawa, Oahu",HI
Yul,Moldauer,Arvada,CO
Andrew,Mollerus, Larchmont,NY
Beatrice,Mompremier,Miami,FL
Ryan,Monaghan,Pittsford,NY
Alicia,Monson, Amery,WI
Victor,Montalvo,Kissimmee,FL
Alysia,Montano,Santa Clara,CA
Clark,Montgomery,Mineral Wells,TX
Dan,Monzo,Glenwood,NJ
Bailey,Moody,Alpharetta,GA
Katie,Moon,Olmsted Falls,OH
Brooke,Mooney,Peru,VT
Carissa,Moore,Honolulu,HI
Jasmine,Moore,Grand Prairie,TX
Derek,Moore,Mapleton,MN
Emilie,Moore,Boca Raton,FL
Jessica,Moore,Sutter,CA
Maya,Moore,Lawrenceville,GA
Emileen,Moore,Walnut Creek,CA
Jill,Moore,Charlotte,NC
Luis,Moreira,Somerville,MA
Shawn,Morelli,Meadville,PA
Evan,Moretti,Scarsdale,NY
Alex,Morgan,Diamond Bar,CA
Kerri,Morgan,St. Louis,MO
Lauren,Morgan,Odessa,FL
Collin,Morikawa,La Canada,CA
Sidney,Morin,Minnetonka,MN
Elise,Morley,Norton,MA
Taylor,Morris,Salt Lake City,UT
Joe,Morris,Annapolis,MD
Sandi,Morris,Greenville,SC
Rachael,Morrison,Farmington Hills,MI
Sam,Morse,Carrabassett Valley,ME
Matt,Mortensen,Huntington Station,NY
Merrill,Moses,Newbury Park,CA
Garner,Moss,Madison,WI
Nick,Mowrer,Butte,MT
Athing,Mu,Trenton,NJ
Garrett,Muagututia,Oceanside,CA
Felice,Mueller,Cleveland ,OH
Ibtihaj,Muhammad,Maplewood,NJ
Dalilah,Muhammad,Jamaica,NY
Steven,Mulhern,Philadelphia,PA
Dejah,Mulipola,Anaheim,CA
Sydney,Mullaney,Concord,MA
Luke,Muller,Fort Pierce,FL
Aaron,Mullican,Gainesville,GA
Rob,Munn,Redmond,WA
Adalis,Munoz,Fort Worth,TX
Aubree,Munro,Brea,CA
Tom,Murn,Fairpoint,NY
Kelly,Murphy,Wilmington,IL
Tommy,Murphy,West Monroe,NY
Chris,Murphy,Rancho Cucamonga,CA
Ryan,Murphy,Jacksonville,FL
Clayton,Murphy,New Paris,OH
Abbey,Murphy,Evergreen Park,IL
Kaitlin,Murphy,Fairview Park,OH
Troy,Murphy,Bethel,ME
Casey,Murphy,Bridgewater,NJ
Joe,Murray,Burlington,NC
Becca,Murray,Germantown,WI
Jasmine,Murrell,Plainfield,NJ
Meghan,Musnicki,Naples,NY
AJ,Muss,Rumson,NJ
Maddie,Musselman,Newport Beach,CA
Maria Liana,Mutia,Raleigh,NC
Alex,Naddour,Gilbert,AZ
Alyssa,Naeher,Stratford,CT
Mirai,Nagasu,Arcadia,CA
Pat,Nagle,Bloomfield Township,MI
Shawn,Nakamura,Camarillo,CA
Abbey,Nardella,Maple Valley,WA
Sid,Naresh,Lisle,IL
Nadan,Naresh,Lisle,IL
Tyler,Nase,Phoenixville,PA
Lia,Neal,Brooklyn,NY
Amber,Neben,Lake Forest,CA
Stephen,Nedoroscik,Worcester,MA
Ashley,Nee,Darnestown,MD
Zac,Nees,Hatfield,PA
Zachary,Neff,Sacramento,CA
Robert,Neff,Brookfield,WI
Ryan,Neiswender,Lebanon,PA
Max,Nelson,Grant,MN
Hannah,Nelson,Yankton,SD
Steven,Nelson,Omaha,NE
Brock,Nelson,Warroad,MN
Sharika,Nelvis,"Memphis, Tenn. ",TN
Aaron,Ness,Roseau,MN
Jamie,Neushul,Isla Vista,CA
Kiley,Neushul,Isla Vista,CA
Joe,Berenyi,Aurora,IL
Laura,Berg,Santa Fe Springs,CA
Boris,Berian,Colorado Springs,CO
Omar,Bermejo,Grand Rapids,MI
Madelynn,Bernau,Waterford,WI
Gwen,Berry,St. Louis,MO
Jack,Berry,Missoula,MT
Kate,Bertko,Oakland,CA
Justin,Best,Kennett Square,PA
Akshay,Bhatia,Wake Forest,NC
Jeff,Bianchi,Lancaster,PA
Kevin,Bickner,Wauconda,IL
Tommy,Biesemeyer,Keene,NY
Natalie,Bieule,Pembroke Pines,FL
Bill,Bigham,Manhattan Beach,CA
Sara,Nevins,Pineallas Park,FL
Devon,Newberry,Santa Monica,CA
Sarah,Newberry Moore,Miami,FL
Eric,Newby,Nashville,IL
Andy,Newell,Shaftsbury,VT
Long,Nguyen,San Jose,CA
Kevin,Nguyen,Westminster,CA
Luke,Nguyen,Salt Lake City,UT
Khoa,Nguyen,San Jose,CA
Evan,Nichols,Haymarket,VA
Alana,Nichols,Farmington,NM
Natalie,Nicholson,Bemidji,MN
Allie,Nicholson,Gallatin,TN
Megan,Nick,Shelburne,VT
Bubba,Nickles,Merced,CA
CJ,Nickolas,Brentwood,CA
Boone,Niederhofer,San Antonio,TX
Eli,Nielsen,Stehekin,WA
Nicky,Nieves,Kissimmee,FL
Jenna,Nighswonger,Huntington Beach,CA
Chris,Nilsen,Kansas City,MO
Noga,Nir-Kistler,Allentown,PA
Paul,Nitz,Edina,MN
Folau,Niua,East Palo Alto,CA
Uluamu,Niutupuivah,Kahuku,HI
Kasia,Nixon,Los Angeles,CA
Michelle Nicole,Nizza,Valley Stream,NY
Alexa,Noel,Summit,NJ
Leif,Nordgren,Hinesburg,VT
Charley,Nordin,Alameda,CA
Manuel,Nores,Miami Beach,FL
Grace,Norman,Jamestown,OH
Michael,Norman,Murrieta,CA
George,Norton,Salina,KS
Vernon,Norwood,New Orleans,LA
Yared,Nuguse,Louisville,KY
John,Nunn,San Diego,CA
Barbara,Nwaba,Los Angeles,CA
Steven,Nyman,Sundance,UT
Nina,O'Brien,San Francisco,CA
Saylor,O'Brien,Woodland,UT
Kristine,O'Brien,Massapequa Park,NY
Kristine,O'Brien,Massapequa Park,NY
Lauren,O'Connor,Belleville,WI
Matthew,O'Donoghue,Bryn Mawr,PA
Kelley,O'Hara,Fayetteville,GA
Kelley,O'Hara,Fayetteville,GA
Shannon,O'Keefe,Portland,OR
Shannon,O'Keefe,Portland,OR
Meghan,O'Leary,Baton Rouge,LA
Margo,O'Meara,St. Louis,MO
Margo,O'Meara,St. Louis,MO
Bridget,O'Neil,Southlake,TX
Bridget,O'Neil,Southlake,TX
Brian,O'Neill,Yardley,PA
Brian,O'Neill,Yardley,PA
Sean,O'Neill,Portland,OR
Annie,O'Shea,Port Jefferson Station,NY
Danny,O'Shea,Colorado Springs,CO
Danielle,O'Toole,Upland,CA
Danielle,O'Toole,Upland,CA
Joslyn,Oakley,Mooresville,NC
Cornelius,Oatis,Chicago,IL
Paula Lynn,Obanana,Minneapolis-St. Paul,MN
Emily,Oberst,Chicago,WI
Alex,Obert,Loomis,CA
Glenn,Ochal,Philadelphia,PA
Jake,Oettinger,Lakeville,MN
Chiaka,Ogbogu,Coppell,TX
Nnemkadi,Ogwumike,Cypress,TX
Alyssa,Oh,Rocklin,CA
Apolo Anton,Ohno,Seattle,WA
Sam,Ojserkis,Linwood,NJ
Courtney,Okolo,Carrollton,TX
Shelley,Olds,Gilroy,CA
David,Oliver III,Denver,CO
Alena,Olsen,Caledonia,MI
Justin,Olsen,San Antonio,TX
Madison,Olsen,Park City,UT
Sara,Olson,Duluth,MN
Evan,Olson,Seattle,WA
John,Oman,Barron,WI
Troy,Onaga,Valencia,CA
Michaela,Onyenwere,Aurora,CO
Joane,Orbon,Sacramento,CA
Keturah,Orji,Mount Olive,NJ
John,Orozco,Bronx,NY
Sarah,Osborn,Hampton,VA
T.J.,Oshie,Warroad,MN
Cat,Osterman,Houston,TX
Allie,Ostrander,"Kenai, Alaska ",AK
Payton,Otterdahl,Rosemount,MN
Danielle,Ovadia,Danville,CA
Ruben,Padilla,"Oakley, Calif. ",CA
Sarah,Pagano,"Ringwood, N.J. ",NJ
Nick,Page,Park City,UT
Abigail,Page,Mankato,MN
Mackenzie,Page,Mankato,MN
David,Page,Jacksonville,FL
Adam,Page,Lancaster,NY
Caleb,Paine,San Diego,CA
Krysta,Palmer,Gardnerville,NV
Krysta,Palmer,Gardnerville,NV
Amanda,Palyo,Castle Pines,CO
Kelly,Pannek,Plymouth,MN
Nefeli,Papadakis,Gurnee,IL
Jace,Pardon,Manhattan Beach,CA
Zach,Parise,Minneapolis,MN
Caleb,Park,Irvine,CA
Patrick,Parnell,Columbia,CT
Jessica,Parratto,Dover,NH
Andy,Parrino,Brockport,NY
Mason,Parris,Lawrenceburg,IN
Miles,Partain,Pacific Palisades,CA
Michael,Pascua,Fort Worth,TX
Pedro,Pascual,Miami,FL
Ben,Patch,Provo,UT
Nick,Pate,Inver Grove Heights,MN
Lydia,Paterson,Kansas City,KS
Jake,Pates,Eagle,CO
Casey,Patterson,Newbury Park,CA
Caitlin,Patterson,Craftsbury,VT
Scott,Patterson,Anchorage,AK
Josh,Pauls,Green Brook,NJ
Spencer,Paxson,Trout Lake,WA
Michael,Paye,Warren,MI
Doug,Payne,Aiken,SC
Jake,Pearson,Casper,WY
Morgan,Pearson,New Vernon,NJ
Angela,Peavy,Avon,CT
Jacob,Pebley,Corvallis,OR
Jessica,Pegula,Buffalo,NY
Amanda,Pelkey,Montpelier,VT
Jermell,Pennie,Port Arthur,TX
Joey,Peppersack,Hopewell,VA
Nick,Perbix,Elk River,MN
Augusto,Perez,East Syracuse,NY
Gia,Pergolini,Atlanta,GA
RaVaughn,Perkins,Omaha,NE
Roy,Perkins,Del Mar,CA
Dustin,Perry,Lovelady,TX
Kasey,Perry-Glass,Orangevale,CA
Vicky,Persinger,Fairbanks,AK
Steffen,Peters,San Diego,CA
Chip,Peterson,Durham,NC
Sydney,Peterson,Lake Elmo,MN
Tabitha,Peterson Lovick,Eagan,MN
Karen,Petrik,Glastonbury,CT
Emily,Pfalzer,Buffalo,NY
Emily,Pfeiffer,Knoxville,TN
Maddie,Phaneuf,Old Forge,NY
Michael,Phelps,Towson,MD
Taylor,Phinney,Boulder,CO
Justin,Phongsavanh,Des Moines,IA
Stacy,Piagno,St. Augustine,FL
Samantha,Pickens,Murrysville,PA
Adam,Pickos,Santa Rosa Beach,FL
Jonny,Pierce,Torrance,CA
Anja,Pierce,Pittsford,NY
Conner,Pierce,Seattle,WA
Simone,Biles,Spring,TX
Hannah,Bilka,Coppell,TX
Brook,Billings,Santa Barbara,CA
Greg,Billington,Spokane,WA
Chad,Billins,Marysville,MI
Maame,Biney,Reston,VA
Kelsey,Bing,Houston,TX
Stephen,Binning,Phoenix,AZ
Johnny,Birch,Deland,FL
Christina,Birch,Gilbert,AZ
Sue,Bird,Syosset,NY
Giorgia,Birkeland,White Bear Lake,MN
Chloe,Bishop,Jupiter,FL
Kaylee,Bishop,Boca Raton,FL
Orrin,Bizer,The Woodlands,TX
Erik,Bjornsen,Winthrop,WA
Sadie,Bjornsen,Winthrop,WA
Hannah,Black,Richmond,VA
Dudley,Blackwell,Fort Lauderdale,FL
Aaron,Blair,Las Vegas,NV
David,Blair,Eagle Mountain,UT
Blake,Pieroni,Chesterton,IN
Barbara,Pierre,Knightdale,NC
Aaron,Pike,Park Rapids,MN
Noelle,Pikus-Pace,Orem,UT
Gerina,Piller,Dallas,TX
Ben,Pinkelman,Centennial,CO
Ryan,Pinney,Pheonix,AZ
Mikayla,Pivec,Lynnwood,WA
Jacob,Pivonka,Woodridge,IL
Victor,Plata,Santa Cruz,CA
Taylor,Pleasants,Houston,TX
Jacob,Plihal,Vashon Island,WA
Shannon,Pluhowsky,Dayton,OH
Kelsey,Plum,Poway,CA
Kathryn,Plummer,Aliso Viejo,CA
David,Plummer,Oklahoma City,OK
Chris,Plys,Duluth,MN
Jennifer,Poist,McSherrytown,PA
Amanda,Polk,Pittsburgh,PA
Irene,Pollock,Hermosa Beach,CA
Joe,Polo,Duluth,MN
Sam,Pomajevich,Manassas,VA
Kimberly,Popp,Santa Monica,CA
Ryan,Porteous,San Diego,CA
Jeff,Porter,Sommerset,NJ
Jillion,Potter,Denver,CO
Cassie,Potter,St. Paul,MN
Allison,Pottinger,Eden Prairie,MN
Andy,Potts,Princeton,NJ
Jordyn,Poulter,Aurora,CO
Rick,Powell,Parkesburg,PA
Hunter,Powell,Fort Collins,CO
Jenna,Prandini,Clovis,CA
Charles,Pratt,Portland,OR
Robin,Prendes,Miami,FL
Josh,Prenot,Santa Maria,CA
Tara,Prentice,Temecula,CA
Nzingha,Prescod,Brooklyn,NY
Christen,Press,Palos Verdes Estates,CA
Bryan,Price,Leeton,MO
Markeith,Price,Baltimore,MD
DeAnna,Price,"Old Monroe/Troy, Missouri",MO
Brianna,Pritchard,Anchorage,AK
Cali,Prochaska,Fort Wayne,IN
Tara,Profitt,Apollo Beach,FL
Briana,Provancha,San Diego,CA
Conner,Pruitt,Opelika,AL
Jason,Pryor,South Euclid,OH
Kory,Puderbaugh,San Diego,CA
Camden,Pulkinen,Mesa ,AZ
Lindsey,Pulliam,Silver Spring,MD
Amy,Purdy,Las Vegas,NV
Elle,Purrier St. Pierre,Montgomery,VT
Ivan,Puskovitch,West Chester,PA
Jonathan,Quick,Milford,CT
Colleen,Quigley,St. Louis,MO
Ian,Quinn,St. Louis,MO
Pieter,Quinton,Portland,OR
Matthew,Ra,Rochester,NY
Meaghan,Raab,Nashville,TN
Brooke,Raboutou,Boulder,CO
River,Radamus,Edwards,CO
Andrew,Ragona,Des Plaines,IL
Paige,Railey,Clearwater,FL
Aly,Raisman,Needham,MA
Rhonda,Rajsich,Fountain Hills,AZ
Christie,Raleigh Crossley,Toms River,NJ
Rajeev,Ram,Carmel,IN
Nicholas,Ramey,Snellville,GA
Yarisel,Ramirez,Las Vegas,NV
Daniella,Ramirez,Miami,FL
Brian,Ramrup,Queens,NY
Jessica,Ramsey,Boynton Beach,FL
Ariana,Ramsey,Philadelphia,PA
Kikkan,Randall,Anchorage,AK
David,Randall,Ontario,OH
Jordan,Raney,Manhattan Beach,CA
Megan,Rapinoe,Redding,CA
Summer,Rappaport,Thornton,CO
Claire,Rasmus,Atlantic Beach,FL
Brent,Rasmussen,Omaha,NE
Jasna,Rather,Dallas,TX
Casey,Ratzlaff,"Wichita, Kan.",KS
Josef,Rau,Chicago,IL
Ella,Rau,Chandler,AZ
Arielle,Rausin,Santa Monica,CA
Morgan,Ray,St. Augustine,FL
Molly,Reckford,Short Hills,NJ
Janie,Reed,Placentia,CA
Patrick,Reed,Spring,TX
Andrew,Reed,Wayland,MA
Lauren,Reedy,Rochester Hills,MI
Kelsey,Reelick,Brookfield,CT
Brittney,Reese,Gulfport,MS
Kelly,Reeves,San Diego,CA
Emily,Regan,Buffalo,NY
Dan,Regan,St. Louis,MO
Jason,Regier,Centennial,CO
Joanne,Reid,Palo Alto,CA
Allie,Reilly,North Kingstown,RI
Shirley,Reilly,Los Gatos,CA
Erika,Reineke,Fort Lauderdale,FL
Katie,Reinprecht,Perkasie,PA
Julia,Reinprecht,Perkasie,PA
Justin,Reiter,Steamboat Springs,CO
Ruslan,Reiter,Manchester,ME
Ruby,Remati,Andover,MA
Abby,Remmers,Sugar Land,TX
Beth,Requist,Winter Park,CA
Zain,Retherford,Benton,PA
Dana,Rettke,Riverside,IL
Mary Lou,Retton,Fairmont,WV
Heimana,Reynolds,Honolulu,HI
Kourtney,Rhoads,Slippery Rock,PA
Jence,Rhoads,Slippery Rock,PA
Will,Rhoads,Park City,UT
Kim,Rhode,El Monte,CA
Mason,Rhodes,Glennville,GA
Tiffany,Rice-Mitchell,Charlotte,NC
Fred,Richard,Stoughton,MA
Alexander,Richards,Watertown,MA
Sanya,Richards-Ross,Austin,TX
Sha'Carri,Richardson,Dallas,TX
Joshua,Richmond,Hillsgrove,PA
Penny,Ricker,Green Bay,WI
Keilani,Ricketts,San Jose,CA
Seth,Rider,Germantown,TN
Isaiah,Rigo,Cheney,WA
Jacob,Riley,Bellingham,WA
Amelia,Rinehart,Fort Wayne,IN
Abby,Ringquist,Park City,UT
Alison,Riske,Pittsburgh,PA
Nicole,Ritchie,Putney,VT
Benjamin,Ritchie,Waitsfield,VT
Ariel,Rittenhouse,Santa Cruz,CA
Coryn,Rivera,Newport Beach,CA
Alyssa,Rivera,Eagle Lake,FL
Nicole,Rivera,Lakeside,CA
Krystal,Rivers,Birmingham,AL
Dominic,Roberto,Solon,OH
Jaleen,Roberts,Kent,WA
Hannah,Roberts,Buchanan,MI
Daniel,Roberts,Hampton,GA
Gil,Roberts,Oklahoma City,OK
Josh,Roberts,Morris,AL
John,Roberts,Eugene,OR
Ricky,Robertson,Hernando,MS
David,Robertson,Tuscaloosa,AL
Dallas,Robinson,Georgetown,KY
Byron,Robinson,Chesapeake,VA
Miles,Robinson,Arlington,MA
Justin,Robinson,"St. Louis, Mo.",MO
Brandi,Robinson,Sauk Village,IL
Jeron,Robinson,Houston,TX
Kelsey,Robinson-Cook,Bartlett,IL
Stephanie,Roble,East Troy,WI
Sarah,Robles,Desert Hot Springs,CA
Kealsie,Robles,Seaford,VA
Rebecca,Rodgers,Leyden,MA
Mike,Rodgers,Florissant,MO
Trinity,Rodman,Newport Beach,CA
Jon,Rodriguez,New York,NY
Matthew,Rodriguez,Prescott Valley,AZ
Garrett,Roe,Vienna,VA
Samantha,Roecker,Burnt Hills,NY
Alex,Roelse,Westwoods,CA
Raevyn,Rogers,Houston,TX
Jessica,Rogers,Springfield,VA
Mattie,Rogers,Apopka,FL
Todd,Rogers,Santa Barbara,CA
Shawn,Rojeski,Chisholm,MN
Monica,Rokhman,Northbrook,IL
Brianna,Rollins,Miami,FL
Jenna,Rollman,"Rancho Cucamonga, Calif. ",CA
Rico,Roman,Portland,OR
Helman,Roman,Miami,FL
Daniel,Romanchuk,Mount Airy,MD
Jake,Blankenship,Blacklick,OH
Ben,Blankenship,Stillwater,MN
Dain,Blanton,Laguna Beach,CA
Andrew,Blaser,Meridian,ID
Christopher,Blevins,Durango,CO
Georgina,Bloomberg,New York,NY
Amanda,Bluford,Plymouth,MN
Jonathon,Blum,Ladera Ranch,CA
Aaron,Blunck,Crested Butte,CO
Megan,Blunk,Gig Harbor,WA
Bryce,Boarman,Colorado Springs,CO
Cameron,Bock,Tustin,CA
Kris,Bogach,Port Jervis,NY
Brian,Bogusevic,Oak Lawn,IL
Steven,Bohlemann,Weston,FL
Mac,Bohonnon,Madison,CT
John,Boie,Milton,WI
Luke,Bolte,Tiffin,OH
Brett,Bolton,Rockledge,FL
Bret,Bonanni,Huntington Beach,CA
Sydney,Romero,Temecula,CA
Aron,Rono,Beaverton,OR
Sean,Rooney,Wheaton,IL
Maddie,Rooney,Andover,MN
Abby,Roque,Sault Ste. Marie,MI
Adam,Rosario,Saylorsburg,PA
Miguel,Rosario,New York City,NY
Sarah,Rose,Ellenton,FL
Ella,Roselli,Newport Beach,CA
Olivia,Rosendahl,Los Angeles,CA
Sean,Rosenthal,Redondo Beach,CA
April,Ross,Costa Mesa,CA
Nicole,Ross,New York,NY
Ian,Ross,"Washington, D.C.",WA
Laurenne,Ross,Bend,OR
Hannah,Ross,Pocatello,ID
Summer,Ross,Carlsbad,CA
Nina,Roth,McFarland,WI
Nicole,Roundy,Salt Lake City,UT
Stephanie,Rovetti,Reno,NV
Shannon,Rowbury,San Francisco,CA
Jasmine,Rowe,Douglassville,TX
Brody,Roybal,Northlake,IL
Nikita,Rubocki,Boise,ID
Michael,Rudnitsky,Herndon,VA
Martha,Ruether,Allegany,NY
Paul,Ruggeri III,Manlius,NY
Henrik,Rummel,Pittsford,NY
Cierra,Runge,Cochranville,PA
Marla,Runyan,Santa Maria,CA
Galen,Rupp,Portland,OR
Nick,Rusher,West Bend,WI
Alie,Rusher,West Bend,WI
Kyle,Russell,Loomis,CA
Aaron,Russell,Ellicott City,MD
Francesca,Russo,Wayne,NJ
Jack,Ryan,Denver,CO
Sean,Ryan,Chattanooga,TN
Joe,Ryan,San Francisco,CA
Courtney,Ryan,San Diego,CA
Ryder,Ryan,Huntersville,NC
Jon,Rydberg,Pine City,MN
Jennifer,Ryu,Las Vegas,NV
Jordan,Rzepka,Solon,OH
Bethany,Sachtleben,Fairfax,VA
Michael,Saeta,South Pasadena,CA
Oliver,Sah,Broadview Heights,OH
Brianna,Salinaro,Massapequa,NY
Riley,Salmon,League City,TX
Regina,Salmons,Methuen,MA
Stephanie,Sambor,White Bear Lake,MN
Ethan,Sampson,Edmore,ND
Joshua,Samuels,Villa Park,CA
Katie Lou,Samuelson,Huntington Beach,CA
Mattias,Samuelsson,Voorhees,NJ
Adam,Samuelsson,Rye,NY
Jorge,Sanchez,Oakland,CA
Oz,Sanchez,San Diego,CA
Ashley,Sanchez,Monrovia,CA
Kaitlin,Sandeno,Lake Forest,CA
Brenden,Sander,Huntington Beach,CA
Taylor,Sander,Corona,CA
Kathryn,Sandercock,McLean,VA
Cydnee,Sanders,Magnolia,TX
Jake,Sanderson,Whitefish,MT
Keith,Sanderson,San Antonio,TX
Tennys,Sandgren,Gallatin,TN
Bobby,Sanguinetti,Wilmington,NC
Logan,Sankey,Steamboat Springs,CO
Carson,Sanocki,Charlotte,NC
Elle,Santana,Gilbert,AZ
Kristen,Santos-Griswold,Fairfield ,CT
Lawrence,Sapp,Waldorf,MD
Ida,Sargent,Craftsbury,VT
Sydney,Satchell,"Windsor, Connecticut",CT
Ian,Satterfield,Manhattan Beach,CA
Becky,Sauerbrunn,St. Louis,MO
Raven,Saunders,Charleston,SC
Ryan,Savage,Scottsdale,AZ
Hayley,Scamurra,Buffalo,NY
Garrett,Scantling,Jacksonville,FL
Susannah,Scaroni,Tekoa,WA
Adam,Scaturro,Lakewood,CO
Tom,Schaar,Malibu,CA
Jese,Schag,Edmond,OK
Xander,Schauffele,San Diego,CA
Scottie,Scheffler,Ridgewood,NJ
Aaron,Scheidies,Seattle,WA
Sarah,Scherer,Woburn,MA
Katiann,Scherer,North Canton,OH
Noah,Scherf,Michigan City,IN
Sebastian,Scheurer,Greenwich,CT
Emma,Schieck,Statesville,NC
Michelle,Schiffler,Lake Wales,FL
Emily,Schild,Huntersville,NC
Morgan,Schild,Pittsford,NY
Lauren,Schmetterling,Moorestown,NJ
Allison,Schmitt,Canton,MI
Natalie,Schneider,Ord,NE
Rachel,Schneider,Sanford,ME
Delaney,Schnell,Tucson,AZ
Paul,Schommer,Appleton,WI
Nathan,Schrimsher,Roswell,NM
Joe,Schroeder,Westfield,IN
Lindi,Schroeder,Andover,MA
Jennifer,Schuble,Homewood,AL
Paul,Schulte,Ann Arbor,MI
Patrick,Schulte,St. Charles,MO
Brooke,Schultz,Fayetteville,AR
Samantha,Schultz,Littleton,CO
Mike,Schultz,Kimball,MN
Jessica,Schultz,Richfield,MN
Sabine,Schut-Kery,Thousand Oaks,CA
Jared,Schuurmans,Norfolk,NE
Christina,Schwab,Dane,WI
Melanie,Schwartz,Aspen,CO
Karissa,Schweizer,Urbandale,IA
John,Schwengel,"Santa Monica, Calif.",CA
Matt,Scott,Detroit,MI
Todd,Scott,Albertville,MN
Donald,Scott,Apopka,FL
Tom,Scott,Richardson,TX
Carolina,Sculti,Rye,NY
Helena,Scutt,Kirkland,WA
Michelle,Sechser,Folsom,CA
Alex,Sedrick,Herriman,UT
Allysa,Seely,Glendale,AZ
Max,Segal,Chicago,IL
Bryce,Segura,Coteau,LA
Molly,Seidel,Boston,MA
Melissa,Seidemann,Walnut Creek,CA
Chris,Seilkop,Deland,FL
Paige,Selenski,Shavertown,PA
Staci,Self,San Clemente,CA
Andrew,Seliskar,McLean,VA
Kenny,Selmon,Atlanta,GA
Marti,Sementelli,Los Angeles,CA
Jacob,Semik,Canton,MI
James,Senbeta,Philadelphia,PA
Monica,Sereda,St. Petersburg,FL
Steve,Serio,Westbury,NY
Scot,Severn,Caro,MI
Paul,Sewald,Las Vegas,NV
Roderick,Sewell,San Diego,CA
Jett,Seymour,Steamboat Springs,CO
Casandra,Shaffer,Bend,OR
Kristen,Shaldybin,Brooklyn,NY
Will,Shaner,Colorado Springs,CO
Kathleen,Sharkey,Moosic ,PA
Jennifer,Sharp,Boulder,CO
Corben,Sharrah,Tucson,AZ
Zachary,Shattuck,Mt. Airy,MD
Greg,Shaw,Merritt Island,FL
James,Shaw,Woodside,CA
Mike,Shea,Castaic,CA
Maggie,Shea,Wilmette,IL
Enkelejda,Shehaj,Naples,FL
Aspen,Shelton,Southlake,TX
Sophia,Shen,New Canaan,CT
Haven,Shepherd,Carthage,MO
Brian,Sheridan,Bay City,MI
Sydney,Sherrill,Moore,OK
Tim,Sherry,Evergreen,CO
Jay,Shi,Phoenix,AZ
Maia,Shibutani,Ann Arbor,MI
Alex,Shibutani,Ann Arbor,MI
Claressa,Shields,Flint,MI
Tom,Shields,Huntington Beach,CA
Alexis (Lexi),Shifflett-Patterson,Waseca,MN
Mikaela,Shiffrin,Edwards,CO
Jarrod,Shoemaker,Sudbury,MA
Kawika,Shoji,Honolulu,HI
Erik,Shoji,Honolulu,HI
Nick,Shore,Denver,CO
Howard,Shu,Orange County,CA
Michael,Shuey,"Johnsonburg, Pa. ",PA
John,Shuster,Superior,WI
Gavin,Sibayan,Westminster,CO
Jenny,Sichel,Clifton,NJ
Jimmy,Sides,Silverthorne,CO
Brian,Siemann,Champaign,IL
Jasmine,Sievers,Laguna Niguel,CA
Brita,Sigourney,Carmel,CA
Jacob,Siler,Knoxville,TN
Charles,Silmon,Waco,TX
Juliana,Silva,Tampa,FL
Brenda,Silva,Snowflake,AZ
Caitlin,Simmers,Oceanside,CA
Kerry,Simmonds,San Diego,CA
Cale,Simmons,Rocklin,CA
Macy,Simmons,Chandler,AZ
Kirsten,Simms,Plymouth,MI
Megan,Bonny,Yakima,WA
Devin,Booker,Grand Rapids,MI
Brent,Bookwalter,Grand Rapids,MI
Hillary,Bor,Colorado Springs,CO
Etienne,Bordes,Tahoe City,CA
Will,Borgen,Moorhead,MN
Brittany,Borman,Festus,MO
Manuel,Borowski,Southlake,TX
Samantha,Bosco,Claremont,CA
Kaisa,Bosek,Alexandria,MN
Ralph,Boston,Laurel,MS
Aliyah,Boston,Worcester,MA
David,Boudia,Lafayette,IN
Erica,Bougard,Byhalia,TN
Kaitlin,Bounds,Russellville,AR
Tri,Bourne,Honolulu,HI
Chris,Bourque,North Reading,MA
Brittany,Bowe,Ocala,FL
Alex,Bowen,Santee,CA
Kimberley,Bowers,Lafayette,CA
Cory,Bowersox,Burke,VA
Tori,Bowie,Sandhill,MS
Cindy,Simon,Wayne,NJ
Jenny,Simpson,Oviedo,FL
Matt,Simpson,Atlanta,GA
Natalie,Sims,Edina,MN
Kaitlynn,Sims,Montgomery,TX
Jerome,Singleton,Irmo,SC
Chase,Sinnett,Medfield,MA
Emily,Sisson,Milwaukee,WI
Megan,Skaggs,Marietta,GA
Haley,Skarupa,Rockville,MD
Jeff,Skiba,Sammamish,WA
Jordan,Skilken,Columbus,OH
MyKayla,Skinner,Gilbert,AZ
Avery,Skinner,Katy,TX
Alec,Sklutovsky,Middlefield,CT
Nick,Slade,Albuquerque,NM
Rolland,Slade,Spring Valley,CA
Jim,Slater,Lapeer,MI
Jaccob,Slavin,Erie,CO
Stafford,Slick,Andover,MN
Meghan,Small,Lineboro,MD
McKenna,Smet,Rockville,MD
Jesse,Smith,Coronado,CA
Jaclyn,Smith,Williston Park,NY
Regan,Smith,Lakeville,MN
Lizzi,Smith,Muncie,IN
Leah,Smith,Pittsburgh,PA
Emerson,Smith,Dover,VT
Hallie,Smith,"Washington, D.C.",WA
Sinjin,Smith,Santa Monica,CA
Leanne,Smith,Salem,MA
Kieran,Smith,Ridgefield,CT
David,Smith,Saugus,CA
Nathan,Smith,Hudson,FL
Clark,Smith,Denver,CO
T.C.,Smith,Louisville,KY
Dee,Smith,San Francisco,CA
Austen,Smith,Keller,TX
Liam,Smith,Rockford,MI
Michal,Smolen,Charlotte,NC
Olivia,Smoliga,Chicago,IL
Taylon,Snow,Chino Hills,CA
Bradley,Snyder,Baltimore,MD
Renee,Snyder,Anaheim,CA
Michelle,Snyder,Wenatchee,WA
Brad,Snyder,St. Petersburg,FL
Jonathan,So,Reston,VA
Hannah,Soar,Killington,VT
Darryl,Sobering,Littleton,CO
Jack,Sock,Kansas City,KS
Mackenzie,Soldan,Tuscaloosa,AL
Hope,Solo,Richland,WA
AnaClare,Solé,Houston,TX
Jenna,Sonnenberg,Long Beach,CA
Emily,Sonnett,Marietta,GA
Bryan,Sosoo,Laurel,MD
Andy,Soule,Kerrville,TX
Makenzie,Sousley,Gig Harbor,WA
Lindsey,Sparks,"Huntington Beach, Calif.",CA
Delaney,Spaulding,Rancho Cucamonga,CA
Jeff,Spear,Wyantskill,NY
Ashley,Spencer,Indianapolis,IN
Michael,Spivey,Abilene,TX
Missy,Sponagle,Apple Valley,CA
Sarah,Sponcil,Phoenix,AZ
Kaden,Springfield,Powell,OH
Jessica,Springsteen,Colts Neck,NJ
Ria,Sribar,Auburn,CA
Kelli,Stack,Brooklyn Heights,OH
Isabelle,Stadden,Blaine,MN
Mitch,Stahl,Chambersburg,PA
Felicia,Stancil,Indianapolis,IN
Clay,Stanley,Honolulu,HI
Jamie,Stanton,Oakland Township,MI
Grace,Stark,White Lake,MI
Bubba,Starling,Gardner,KS
Ryan,Stassel,Anchorage,AK
Dominique,Stater,Miami,FL
Jacob,Stearns,Palm Bay,FL
Lee,Stecklein,Roseville,MN
Chiara,Steele,Santa Clara,CA
Maggie,Steffens,Danville,CA
Liz,Stephen,East Montpelier,VT
Sloane,Stephens,Coral Springs,FL
Laurie,Stephens,Wenham,MA
Richelle,Stephens,Fallbrook,CA
Emma,Stertz,Grand Rapids,MN
Darian,Stevens,Missoula,MT
Evelyn,Stevens,San Francisco,CA
Travis,Stevens,Tacoma,WA
Deajah,Stevens,Bayside,NY
Robyn,Stevens,Los Angeles,CA
Colby,Stevenson,Park City,UT
Ben,Stevenson,Reno,NV
Trevor,Stewart,Lorton,VA
Kendyl,Stewart,Carlsbad,CA
Teasia,Stewart,Colorado Springs,CO
Kelsey,Stewart,Wichita,KS
Breanna,Stewart,North Syracuse,NY
Ray,Stewart II,Oakland,AR
Resi,Stiegler,Jackson Hole,WY
Sam,Stitt,McLean,VA
Ryan,Stoa,Bloomington,MN
Emily,Stockman,Colorado Springs,CO
Melissa,Stockwell,Colorado Springs,CO
Corinne,Stoddard,Tacoma,WA
Gevvie,Stone,Newton,MA
Eliza,Stone,Chicago,IL
Hugo,Storer,Greensboro,NC
Sydney,Stoyanoff,Trophy Club,TX
Kelly,Straub,Omaha,NE
Picabo,Street,Park City,UT
Evan,Strong,Haiku,HI
Sam,Strouse,Richfield,MN
Hans,Struzyna,Kirkland,WA
James,Stuck,New Kensington,PA
Bailee,Sturgill,Hilliard,OH
Jamie,Subandhi,Westminster,CA
Jennifer,Suhr,Fredonia,NY
Erica,Sullivan,Las Vegas,NV
Sammy,Sullivan,Fayetteville,NC
Darryl,Sullivan,Marion,IL
Patrick,Sunderman,Farmington,MN
Samuel,Surowiec,Everett,WA
Ryan,Suter,Madison,WI
Donald,Suxho,Huntington Beach,CA
Genki,Suzuki,Norman,OK
Gwen,Svekis,Davie,FL
Mallory,Swanson,Highlands Ranch,CO
Charlie,Swanson,Richmond,VA
Jeremy,Swayman,Anchorage,AK
Brooke,Sweat,Estero,FL
Josh,Sweeney,Glendale,AZ
Todd,Sweeris,Vienna,VA
TRUE,Sweetser,Gainesville,FL
Ann,Swisshelm,Chicago,IL
Nick,Symmonds,Springfield,OR
Allie,Szekely,Doylestown,PA
Sarah,TRUE,Hanover,NH
Christian,Tabash,Alexandria,VA
Mike,Tagliapietra,Fond du Lac,WI
Jeremy,Taiwo,Renton,WA
John,Tanguay,Pennington,NJ
Megan,Tappe,New Canaan,CT
Naya,Tapper,Beaufort,NC
Jevon,Tarantino,Boca Raton,FL
Macy,Tarlton,Woodstock,GA
Jeneba,Tarmoh,San Jose,CA
Jayson,Tatum,St. Louis,MO
Diana,Taurasi,Chino,CA
Julia,Taylor,Raleigh,NC
Nick,Taylor,Wichita,KS
Christian,Taylor,Fayettville,GA
David,Taylor,Graham,OH
Maren,Taylor,Arlington,VA
Maddie,Bowman,South Lake Tahoe,CA
Gillian,Boxx,Torrance,CA
Koehn,Boyd,Ramsey,MN
Tristan,Boyer,Altadena,CA
Ryan,Boyle,Monroe,CT
Janie,Boyle,Orange,OH
Reilly,Boyt,Fort Collins,CO
Megan,Bozek,Buffalo Grove,IL
Stephen,Bracken,Brighton,CO
Clayton,Brackett,Irvine,CA
Marvin,Bracy,Orlando,FL
Jennifer,Brady,Boca Raton,FL
Nicole,Branagh,Orinda,CA
Hannah,Brandt,Vadnais Heights,MN
Mikey,Brannigan,Northport,NY
Mark,Braun,Mounds View,MN
Kenji,Bravo,San Francisco,CA
Donavan,Brazier,"Grand Rapids, Mich.",MI
Valentina,Terry,Pembroke Pines,FL
Gabriella,Terry,Pembroke Pines,FL
Troy,Terry,Highlands Ranch,CO
Zack,Test,Redwood City,CA
Joshua,Thai,Alhambra,CA
Faye,Thelen,Cottonwood Heights,UT
Cory,Thiesse,Duluth,MN
Jessica,Thoennes,Highlands Ranch,CO
Lorenzo,Thomas,"Tulsa, Okla. ",OK
Kristen,Thomas,Philadelphia,PA
Leah,Thomas,Boulder Creek,CA
Alyssa,Thomas,Harrisburg,PA
Justin,Thomas,Louisville,KY
Gabby,Thomas,Atlanta,GA
Curtis,Thompson,Florence,NJ
Ben,Thompson,Charleston,SC
Klay,Thompson,Los Angeles,CA
Courtney,Thompson,Kent,WA
Jordan,Thompson,Edina,MN
Frank,Thompson,Alliance,NE
Jenny,Thompson,Dover,NH
Brett,Thompson,Tempe,AZ
Tage,Thompson,Orange,CT
Brian,Thornton,San Clemente,CA
Ginny,Thrasher,Springfield,VA
Matt,Thums,Ogema,WI
Coleman,Thurston,Poynette,WI
Jake,Thurston,Poynette,WI
Meghan,Tierney,Eagle,CO
May,Tieu,Belle Mead,NJ
Michael,Tinsley,Little Rock,AR
Brady,Tkachuk,St. Louis,MO
Nathalia,Tobar,East Northport,NY
Jonathan,Tobon,Milwaukee,WI
John,Tolkin,Chatham,NJ
Logan,Tom,Salt Lake City,UT
Curt,Tomasevicz,Shelby,NE
Stephen,Tomasin,Santa Rosa,CA
Ellen,Tomek,Flushing,MI
Renée,Tomlin,Ocean City,NJ
Joe,Tompkins,Juneau,AK
David,Torrence,Tarzana,CA
Dara,Torres,Parkland,FL
Ariel,Torres,Hialeah,FL
Matthew,Torres,Ansonia,CT
Calogero,Torretta,Edison,NJ
Philipp,Toubia Scholz,Fargo,ND
Kaylee,Tow,Madisonville,KY
Roderick,Townsend,Stockton,CA
Darian,Townsend,Litchfield Park,AZ
Steven,Toyoji,Redmond,WA
Gakuji,Tozaki,San Diego,CA
Rachel,Tozier,Pattonsburg,MO
Jaclyn,Traina,Naples,FL
Mike,Trapp,Marstons Mills,MA
Dylan,Travis,Omaha ,NE
Sabahudin,Tricic,Fresno,CA
Vincent,Trocheck,Pittsburgh,PA
Murphy,Troy,St. Louis,MO
Savana,Trueb,Colorado Springs,CO
Karen,Truelove,Winter Garden,FL
Roxanne,Trunnell,Richland,WA
Kasia,Trzopek,Pacifica,CA
Sophia,Tsives,Saratoga,CA
Samantha,Tubbs,King George,VA
Mary,Tucker,Sarasota,FL
Aliphine,Tuliamuk,Flagstaff,AZ
Kevin,Tuma,St. Paul,MN
Marcus,Tupuola,Carson,CA
Josh,Turek,Council Bluffs,IA
Ashley,Twichell,Fayetteville,NY
Carson,Tyler,Moultrie,GA
Ebiye,Udo-Udoma,Los Angeles,CA
Nicolette,Udria,Covina,CA
Katie,Uhlaender,Breckenridge,CO
Danelle,Umstead,Park City,UT
Rob,Umstead,Park City,UT
Casey,Umstead,Green Lane,PA
Malaika,Underwood,San Diego,CA
Nancilea,Underwood Foster,Conroe,TX
Maka,Unufe,Provo,UT
Zach,Upp,Bartlett,IL
Sandra,Uptagrafft,Phenix City,AL
Oyuna,Uranchimeg,Burnsville,MN
Istvan,Urban,San Diego,CA
Alina,Urs,Los Angeles,CA
Carlo,Valdes,Newport Beach,CA
Jennifer,Valente,San Diego,CA
Maria,Vallone,Rochester,NY
Lindsey,Van,Park City,UT
Amy,Van Dyken,Denver,CO
Jenson,Van Emburgh,Belleair Beach,FL
Hailey,Van Lith,Wenatchee,WA
Jamie,Van Natta,Toledo,OH
Ashley,Van Ryn,Atlanta,GA
Caitlin,Van Sickle,Wilmington,DE
Max,Van Stone,Chesterfield,MO
Shaquille,Vance,Houston,TX
CoCo,Vandeweghe,Rancho Santa Fe,CA
Krista,Vansant,Redlands,CA
Kendra,Vanzwieten,Fort Lauderdale,FL
Marko,Vavic,Rancho Palos Verdes,CA
Jake,Vedder,Pinckney,MI
Natalia,Vega,Guaynabo,CA
Alondra,Venegas,Walkerton,IN
Julian,Venonsky,Malvern,PA
David,Verburg,Lynchburg,VA
Kaitlyn,Verfuerth,Flagstaff,AZ
Emily,Vermeule,Cambridge,MA
Sophie,Verzyl,Columbia,SC
Jessie,Vetter,Cottage Grove,WI
Kate,Vibert,Oakland Township,MI
Joe,Victor,Orchard Park,NY
Stephani,Victor,Park City,UT
Aaron Surf,Victorian,Laie,HI
Aaron Surf,Victorian,Laie,HI
Robert,Vidovszky,Folsom,CA
Winter,Vinecki,Gaylord,MI
Brooke,Vines,Rancho Palos Verdes,CA
Brittany,Viola,Orlando,FL
Carsten,Vissering,Bethesda,MD
Sophia,Vitas,Franklin,WI
Michelle,Vittese,Cherry Hill,NJ
Dania,Vizzi,Tampa,FL
Todd,Vogt,Rochester,NY
Maggie,Voisin,Whitefish,MT
Dana,Vollmer,Granbury,TX
Lindsey,Vonn,Vail,CO
Lilia,Vu,Fountain Valley,CA
Ashley,Wagner,Alexandria,VA
David,Wagner,Walla Walla,WA
Jeremy,Wagner,Nānākuli,HI
Kristi,Wagner,Weston,MA
Oliver,Wahlstrom,Yarmouth,ME
Daryl,Walker,Jacksonville,FL
Tyler,Walker,Franconia,NH
Shatori,Walker-Kimbrough,Aliquippa,PA
Jack,Wallace,Franklin Lakes,NJ
Jarryd,Wallace,Athens,GA
Skylar,Wallace,Woodstock,GA
Bryant,Wallizer,Little Orleans,MD
Patricia,Walsh,Austin,TX
Jill,Walsh,Syracuse,NY
Alex,Walsh,Nashville,TN
Thomas,Walsh,Vail,CO
TJ,Walsh,Shrewsbury,MA
Kerri,Walsh Jennings,Saratoga,CA
Abby,Wambach,Rochester,NY
Madeleine,Wanamaker,Neenah,WI
Evelyn,Wang,Arcadia,CA
Iris,Wang,Arcadia,CA
Amy,Wang,Sewell,NJ
Grant,Breckenridge,Libertyville,IL
Sam,Bredenbeck,Beaverton,OR
Jake,Bredenbeck,Marine on St. Croix,MN
Drew,Bremer,Grand Rapids,MI
Rosie,Brennan,Park City,UT
Josh,Brewer,Battle Ground,WA
Brittany,Brewer,Abilene,TX
Matthew,Brewer,Huntington Beach,CA
Morgan,Brian,Simons Island,GA
Jaclyn,Briggs,Robesonia,PA
Jack,Briggs,Fort Collins,CO
Gregory,Brigman,Raeford,NC
Cameron,Brink,Beaverton,OR
Joey,Brinson,Florence,MS
Brandon,Briones,Gilbert,AZ
Matthew,Brisson,Boynton Beach,FL
Brendan,Brisson,Manhattan Beach,CA
Grace,Bristow,Murrieta,CA
Brickelle,Bro,Castle Pines,CO
Allison,Brock,Wellington,FL
Malcolm,Brogdon,Atlanta,GA
Murphy,Bromberg,Bexley,OH
Trayvon,Bromell,St. Petersburg,FL
Chris,Brooks,Houston,TX
Inoke,Waqavesi,Sacramento,CA
McLain,Ward,Brewster,NY
Jared,Ward,Kaysville,UT
Allison,Ward,Westlake,TX
Kyle,Wardwell,Norman,OK
Sarah,Warren,Willowbrook,IL
David,Warsofsky,Marshfield,MA
Ben,Washburne,Madison,CT
Ariana,Washington,Signal Hill,CA
Haleigh,Washington,Colorado Springs,CO
Isis,Washington,Parsippany,NJ
Maya,Wasowicz,New York City,NY
Ali,Watson,Fort Lauderdale,FL
Bubba,Watson,Bagdad,FL
Amy,Watt,Palo Alto,CA
Dustin,Watten,Long Beach,CA
Ameer,Webb,Tustin,CA
Lora,Webster-Bargellini,Phoenix,AZ
Lexi,Weeks,Cabot,AR
Mallory,Weggemann,Eagan,MN
Andrew,Weibrecht,Lake Placid,NY
Seth,Weil,Menlo Park,CA
Andrew,Weiland,Upper Arlington,OH
Max,Weinrich,Brookeville,MD
Evan,Weinstock,Las Vegas,NV
Amanda,Weir,Lawrenceville,GA
Anna,Weis,Fort Lauderdale,FL
Jordan,Weise,Valdosta,GA
Tyler,Weiss,Raleigh,NC
Anders,Weiss,Barrington,RI
Alison,Weisz,Belgrade,MT
Abbey,Weitzeil,Santa Clarita,CA
Josh,Welborn,Birmingham,AL
Noah,Welch,Brighton,MA
Jason,Wellings,San Diego,CA
Jacob,Welsh,Atherton,CA
Zach,Welsh,Atherton,CA
Zach,Werenski,Grosse Pointe Woods,MI
Wendy,Werthaiser,Ashland,OR
Kendall,Wesenberg,Modesto,CA
Greg,West,Springfield,MO
Tucker,West,Ridgefield,CT
Jamie,Westbrook,Chandler,AZ
Bjorn,Westervelt,Stowe,VT
Avaleigh,Westfall,Ann Arbor,MI
Emma,Weyant,Sarasota,FL
Eva,Weymuller,Winthrop,WA
Lindsay,Whalen,Hutchinson,MN
Josh,Wheeler,Tucson,AZ
Lance,Wheeler,Denver,CO
Stephanie,Wheeler,Norlina,NC
Derrick,White,Parker,CO
Charlie,White,Bloomfield Hills,MI
Shaun,White,Carlsbad,CA
MeiMei,White,Orlando,FL
Rhyan,White,Herriman,UT
Nyree,White,Eugene,OR
Ahkeel,Whitehead,San Diego,CA
Jamison,Whiting,Minneapolis,MN
Luke,Whitlock,Noblesville,IN
Jamie,Whitmore,Somerset,CA
Kelsie,Whitmore,Temecula,CA
Kaylin,Whitney,Clermont,FL
Donnell,Whittenburg,Baltimore,MD
Casey,Wickline,Greenville,SC
Justin,Widhalm,Bridgeport,NE
David,Wieczorek,Chicago,IL
Ben,Wierenga,Valley Center,CA
Chris,Wieser,Vacaville,CA
Reo,Wilde,Pocatello,ID
Jackie,Wiles,Aurora,OR
Jordan,Wilimovsky,Malibu,CA
Caine,Wilkes,Matthews,NC
Damien,Wilkins,Orlando,FL
Laura,Wilkinson,The Woodlands,TX
Venus,Williams,Palm Beach Gardens,FL
Wesley,Williams,Visalia,CA
Micah,Williams,Portland,OR
Kiana,Williams,San Antonio,TX
Jillian,Williams,Odem,TX
Alys,Williams,Huntington Beach,CA
Kendell,Williams,Kennesaw ,GA
Jake,Williams,Milwaukee,WI
Courtney,Williams,Houston,TX
Peyton,Williams,Topeka,KS
Lily,Williams,Tallahassee,FL
Johnnie,Williams,"Tampa, Fla.",FL
Kendal,Williams,Jacksonsville,FL
Taleah,Williams,Norfolk,NE
Brian,Williams,"Detroit, Mich.",MI
Charonda,Williams,Richmond,CA
Susan,Williams,Littleton,CO
Chrishuna,Williams,Dallas,TX
Kevon,Williams,Houston,TX
Serena,Williams,Palm Beach Gardens,FL
Lynn,Williams,Fresno,CA
Harrison,Williams,Memphis,TN
David,Williams,Fort Lauderdale,FL
Josh,Williamson,Sanford,FL
Mac,Williamson,Wake Forest,NC
Liz,Willis,Sterling,KS
Alise,Willoughby,St. Cloud,MN
Tyler,Wills,Carmel,IN
Mitch,Wilson,Delafield,WI
A'ja,Wilson,Columbia,SC
Helen,Wilson,Eagle River,AK
Andrew,Wilson,Bethesda,MD
Bradley,Wilson,Butte,MT
Jacob,Wilson,Arlington,TN
Ajeé,Wilson,Philadelphia ,PA
Ruth,Winder,Lafayette,CA
Jordan,Windle,Fort Lauderdale,FL
Russ,Winger,Colorado Springs,CO
Kara,Winger,Vancouver,WA
Rudy,Winkler,Sand Lake,NY
Haley,Winn,Rochester,NY
Erick,Winstead,Philadelphia,PA
Luke,Winters,Gresham,OR
Dallas,Wise,Columbia,SC
David,Wise,Reno,NV
Jake,Wise,North Andover,MA
Michael,Wishnia,Livingston,NJ
Shane,Wiskus,Spring Park,MN
James,Wisniewski,Canton,MI
Lily,Witte,Dexter,MI
Keiser,Witte,Phoenix,AZ
Emily,Wold,Freehold,NJ
Elena,Wolgamot,Bellingham,WA
Hunter,Wonders,Anchorage,AK
Leanne,Wong,Overland Park,KS
Kevin,Wong,Honolulu,HI
Justine,Wong Orantes,Cypress,CA
Rachel,Wong Walker,Huntington Beach,CA
Spencer,Wood,Pittsfield,VT
Cameron,Wood,Avondale,AZ
Hunter,Woodhall,Syracuse,UT
Dylan,Woodhead,San Anselmo,CA
Joseph,Woodke,Nashville,TN
Mackenzie,Woodring,Grand Rapids,MI
Chloe,Woodruff,Prescott,AZ
Cale,Woods,Bozeman,MT
Ariana,Woods,Bozeman,MT
Simeon,Woods-Richardson,Sugar Land,TX
Avery,Worobel,Boston,MA
Kelsi,Worrell,Westampton,NJ
Dagmara,Wozniak,Avenel,NJ
Daryn,Wright,Plainfield,IN
Tanner,Wright,Fort Worth,TX
Erica,Wu,Arcadia,CA
Yue,Wu,Newark,NJ
Jacob,Wukie,Fremont,OH
Chris,Wyles,Stamford,CT
Brandon,Wynn,Voorhees,NJ
Karen,Xue,Alamo,CA
Cade,Yamamoto,Quincy,WA
Torin,Yater-Wallace,Basalt,CO
Leah,Yavarow,Bemidji,MN
Alec,Yoder,Indianapolis,IN
Ann,Yoshida,Mililani,HI
Lyle,Yost,Shaker Heights,OH
Deja,Young,Mesquite,TX
Jackie,Young,Princeton,IN
Alex,Young,La Vergne,TN
Tim,Young,Fredericksburg,VA
Calahan,Young,Irwin,PA
Colleen,Young,St. Louis,MO
Katrina,Young,Seattle,WA
Elaine,Youngs,El Toro,CA
Phillip,Yun,Diamond Bar,CA
Marshall,Zackery,Ocala,FL
Katie,Zaferes,Santa Cruz,CA
Abigail,Zagnoli,Carrabassett Valley,ME
Mariel,Zagunis,Portland,OR
Nicole,Zaino,Brookfield,CT
Ben,Broselle,"Ferndale, Wash.",WA
Mackenzie,Brown,Flint,TX
David,Brown,St. Louis,MO
Chalmers,Brown,Marlboro,NJ
Peyton,Brown,Peoria,AZ
Will,Brown,Twin Falls,ID
AJ,Brown,Fox River Grove,IL
Colton,Brown,Piscataway,NJ
Elissa,Brown,Eclectic,AL
Jake,Brown,Saint Paul,MN
Jason,Brown,Highland Park,IL
Luke,Brown,St. Paul,MN
Clara,Brown,Falmouth,ME
Taylor,Brown,Winter Park,FL
Jamie,Brown,Oceanside,CA
Maceo,Brown,Tempe,AZ
Jenna,Brown,The Colony,TX
Kristen,Brown,Levittown,NY
Craig,Brown,Monona,WI
Stephanie,Brown Trafton,Arroyo Grande,CA
Elizabeth,Zakharov,San Jose,CA
Ryan,Zapolski,Erie,PA
Nikolas,Zarikos,Norwalk,CT
Joanna,Zeiger,Baltimore,MD
Laura,Zeng,Libertyville,IL
Morgan,Zerkle,Milton,WV
Brighton,Zeuner,Encinitas,CA
Jared,Zezel,Mountain Iron,MN
Lily,Zhang,Palo Alto,CA
Rose,Zhang,Irvine,CA
Jiaqi,Zheng,Fremont,CA
Vincent,Zhou,Palo Alto,CA
Olivia,Zhu,Palo Alto,CA
Zach,Ziemek,Itasca,IL
Walker,Zimmerman,Lawrenceville,GA
Bethany,Zummo,Dublin,CA
Grace,Zumwinkle,Excelsior,MN
Giordanna,Zuniga,Walnut Creek,CA
Lindsey,Zurbrugg,Portland,OR
Mia,Zutter,Sun Prairie,WI
Elise,Zvirbulis,Long Beach,CA
Kyle,Zych,South Hadley,MA
Beatrice,de Lavalette,Wellington,FL
Anna,van Brummen,Houston,TX
McKenzie,Browne,Coopersburg,PA
Alex,Browne,Palo Alto,CA
Kayle,Browning,Wooster,AR
Molly,Bruggeman,Dayton,OH
Josh,Brunais,Stafford,VA
Jennifer,Brundage,Ann Arbor,MI
Elisa,Brunel,Austin,TX
Sam,Brunelle,Ruckersville,VA
Theo,Brunner,Ridgefield,CT
Sophie,Brunner,Brownsburg,IN
Bob,Bryan,Wesley Chapel,FL
Mike,Bryan,Wesley Chapel,FL
Kelci,Bryant,Chatham,IL
Ryleigh,Buck,Wellington,KS
Charlotte,Buck, Nyack,NY
Charlie,Buckingham,Newport Beach,CA
Chase,Budinger,Encinitas,CA
Paige,Bueckers,St. Louis Park,MN
Zach,Buhler,Huntington,IN
Lauren,Burch,The Woodlands,TX
Cierra,Burdick,Charlotte,NC
Tyler,Burdick,Salt Lake City,UT
Cody,Bureau,Latrobe,PA
Mark,Burik,Glendale,NY
Victoria,Burke,Redding,CT
Tim,Burke,Lake Placid,NY
Nikolas,Burkhart,Olympic Valley,CA
Monique,Burkland Matthews,Ardmore,OK
Quanesha,Burks,Harselle,AL
Chelsea,Burns,Seattle,WA
Zachary,Burns,Ann Arbor,MI
Robert,Burns,Mount Shasta,CA
Jordan,Burroughs,Sicklerville,NJ
Brian,Burrows,Fallbrook,CA
Kevin,Burton,Erie,CO
Aaliyah,Butler,Fort Lauderdale,FL
Nike,Agunbiade,Pacifica,CA
Nicole,Ahsinger,San Diego,CA
Morolake,Akinosun,Aurora,IL
Foluke,Akinradewo Gunderson,Fort Lauderdale,FL
Monica,Aksamit,Matawan,NJ
Tyren,Al-Jiboori,Tulsa,OK
Bella,Alarie,Bethesda,MD
Korbin,Albert,Grayslake,IL
Cristina,Albert,Denver,CO
Annie,Aldrete,Monterey,CA
Eva,Alexander,Denton,TX
Nick,Alexander,Lake St. Louis,MO
Jack,Alexy,Morristown,NJ
Nia,Ali,Philadelphia,PA
Alexis,Allan,Hesperia,CA
Bobby,Butler,Marlborough,MA
Jake,Butler,Seal Beach,CA
Jeff,Butler,Fort Wayne,IN
Cory,Butner,Yucaipa,CA
Dick,Button,Englewood,NJ
Tynita,Butts-Townsend,Hampton,VA
Jakob,Butturff,Tempe,AZ
Logan,Bye,Northville,MI
Dany,Cabello,Miami,FL
Grace,Cable,Winter Park,FL
Donn,Cabral,Glastonbury,CT
Ashley,Caldwell,Ashburn,VA
Sophie,Caldwell,Peru,VT
Patrick,Caldwell,Lebanon,NH
Heath,Calhoun,Bristol,TN
Adam,Callister,Salt Lake City,UT
Jillian,Camarena-Williams,Woodland,CA
Dani,Cameranesi,Plymouth,MN
Delaney,Campbell,Sachse,TX
Wes,Campbell,Park City,UT
Grayson,Campbell,Vienna,VA
Katy,Campbell,La Canada Flintridge,CA
Charlye,Campbell,Midland,TX
Jane,Campbell,Kennesaw,GA
Amber,Campbell,Indianapolis ,IN
Ali,Campbell,Gilbertsville,PA
Jeremy,Campbell,Perryton,TX
Andrew,"Campbell, Jr.",New Canaan,CT
Kayla,Canett,Fallbrook,CA
Briyona,Canty,Willingboro,NJ
Andrew,Capobianco,Holly Springs,NC
Kelsey,Card,Carlinville,IL
Ally,Carda,Elk Grove,CA
Annie,Carey,Boise,ID
Jade,Carey,Phoenix,AZ
Lane,Carico,Manhattan Beach,CA
Lauren,Carlini,Aurora,IL
Chris,Carlson,Bedford,NH
Ryan,Carlyle,West Nyack,NY
Tommy,Carmody,Orland Park,IL
Freddy,Carmona,San Antonio,TX
Alex,Carpenter,North Reading,MA
Daniel,Carr,Colorado Springs,CO
Rocky,Carson,Ladera Ranch,CA
Tyler,Carter,Topton,PA
Kindrick,Carter,Warrington,PA
Anthony,Carter,Lawrence,GA
Michelle,Carter,Red Oak,TX
Triston,Casas,Pembroke Pines,FL
Jeremy,Casebeer,Santa Barbara,CA
Stephanie,Casey,"Reedsport, Ore. ",OR
Conor,Casey,Annandale,VA
Steve,Cash,Overland,MT
Keely,Cashman,Strawberry,CA
Danny,Casper,Briarcliff Manor,NY
Nina,Castagna,Cincinnati,OH
Marissa,Castelli,Cranston,RI
Kevin,Castillo,Long Beach,CA
Kristi,Castlin,Douglasville,GA
Grace,Castonguay,Jackson,NH
Tamika,Catchings,Duncanville,TX
Noah,Cates,Stillwater,MN
Kelly,Catlin,Arden Hills,MN
Alex,Cavallini,Delafield,WI
Matthew,Centrowitz,Arnold,MD
Ethan,Cepuran,Glen Ellyn,IL
Vaclav,Cervenka,Grand Rapids ,MN
Taylor,Chace,Hampton Falls,NH
Michael,Chadwick,Charlotte,NC
Louisa,Chafee,Saunderstown,RI
Olivia,Chambers,Little Rock,AR
Aziza,Chambers,Springfield,OH
Marcus,Chambers,Tacoma,WA
Miles,Chamley-Watson,New York,NY
Kimmie,Champion,Vidalia,GA
Michael,Chan,Audubon,PA
Mikayla,Chandler,Marion,MA
Vicki,Chang,San Jose,CA
Mia,Chang,Aiea,HI
Yujin,Chang,San Jose,CA
Clay,Chaplin,Highlands Ranch,CO
Tina,Charles,Jamaica,NY
Kendall,Chase,Evergreen,CO
Brandi,Chastain,San Jose,CA
Peter,Chatain,Winnetka,IL
Rajarshi,Chattopadhyay,Rockville,MD
Raven,Chavanne,Thousand Oaks,CA
Javier,Chavez,Salt Lake City,UT
Jonathan,Cheever,Saugus,MA
Paul,Chelimo,Beaverton,OR
Nathan,Chen,Salt Lake City,UT
Barbara,Chen,San Dimas,CA
Karen,Chen,Fremont,CA
Kelly,Cheng,Fullerton,CA
Michael,Cherry,Chesapeake,VA
Shawn,Cheshire,Camillus,NY
Phillip,Chew,Orange,CA
Jennifer,Chew,Antioch,CA
Jen,Chew,Littleton,CO
Amanda,Chidester,Ann Arbor,MI
Jordan,Chiles,Vancouver,WA
Hannah,Chipman,Norwich,VT
Madison,Chock,Redondo Beach,CA
David,Chodounsky,Crested Butte,CO
Sunny,Choi,Queens,NY
Joss,Christensen,Park City,UT
Micah,Christenson,Honolulu,HI
Nick,Christie,San Diego,CA
Julie,Chu,Fairfield,CT
Ernie,Chun,Waipahu,HI
Sarah,Chung,Crystal Lake,IL
Skylar,Ciccolini,Lewistown,PA
Leslie,Cichocki,Palos Hills,IL
Joey,Cifelli,Chicago Heights,IL
Josh,Cinnamo,San Diego,CA
Caroline,Claire,Manchester Center,VT
KK,Clark,Atherton,CA
Breanna,Clark,Los Angeles,CA
Adam,Clark,Owenton,KY
Kelly,Clark,Mammoth Lakes,CA
Wyndham,Clark,Denver,CO
Carson,Clark,Santa Barbara,CA
Tyler,Clary,Riverside,CA
Sam,Clasen,Roseville,MN
Will,Claye,Phoenix,AZ
Alex,Cleary,Ferndale,WA
Kerron,Clement,LaPorte,TX
Christian,Clemmons,Waukegan,IL
Kyle,Clemons,Rowlett,TX
Christina,Clemons,Landover,MD
Malcolm,Clemons,Oakland,CA
Dan,Cnossen,Topeka,KS
McKenzie,Coan,Clarkesville,GA
Alaina,Coates,Irmo,SC
Tim,Cobb,Westford,VT
Samantha,Cobb,Garland,TX
Emma,Coburn,Crested Butte,CO
Ryan,Cochran-Siegle,Starksboro,VT
Anna,Cockrell,Charlotte,NC
Olivia,Coffey,Watkins Glen,NY
Sam,Coffey,New York City,NY
Corey,Cogdell-Unrein,Eagle River,AK
Arlene,Cohen,Breckenridge,CO
Teal,Cohen,Dallas,TX
Griffin,Colapinto,San Clemente,CA
Charlie,Cole,New Canaan,CT
Nathaniel,Coleman,Salt Lake City,UT
Casey,Coleman,Cape Coral,FL
Christian,Coleman,Atlanta,GA
Will,Coleman,Gordonsville,VA
Jayda,Coleman,The Colony,TX
Sydney,Collier,Ann Arbor,MI
Napheesa,Collier,St. Charles,MO
Patricia,Collins,Hackettstown,NJ
Ben,Collins,Seattle,WA
Claire,Collins,McLean,VA
Stanton,Collins,Gainsville,GA
Drew,Commesso,Norwell,MA
Jesse,Compher,Northbrook,IL
Kyra,Condie,Shoreview,MN
Jack,Conger,Rockville,MD
Kim,Conley,"Sacramento, Calif. ",CA
Erika,Connolly,Modesto,CA
Kyle,Connor,Shelby Township,MI
Isabelle,Connor,Manhattan Beach,CA
Dennis,Connors,Beaverton,OR
Valerie,Constien, Edwards,CO
Charles,Conwell,Cleveland ,OH
Stacey,Cook,Mammoth Lakes,CA
Bryan,Cook,Redondo Beach,CA
Brian,Cook,Santa Cruz,CA
Mindy,Cook,Celina,OH
Kassidy,Cook,The Woodlands,TX
Adam,Coon,Fowlerville,MI
Travis,Cooper,Kenai,AK
Kasey,Cooper,Dothan,AL
Paula,Cooper,Vail,CO
Brian,Cooper,Anchorage,AK
Zachary,Cooper,Greenwood,IN
Kahleah,Copper,Philladelphia,PA
Michaela,Corcoran,Bethesda,MD
Kevin,Cordes,Naperville,IL
Sheila,Cornell Douty,Diamond Bar,CA
Jacob,Cornish,Honolulu,HI
Liam,Corrigan,Old Lyme,CT
Lia,Coryell,LaCrosse,WI
Liz,Costello,Phoenixville,PA
CJ,Allen,Pullman,WA
Billy,Allen,Fallbrook,CA
Nick,Allen,San Diego,CA
Devon,Allen,Phoenix,AZ
Jazmin,Almlie-Ryan,Katy,TX
Albert,Almora,Hialeah,FL
Veronica,Alvarez,Miami,FL
Anita,Alvarez,Buffalo,NY
Grace,Alwan,Andover,MA
Benjamin,Aman,Edmond,OK
Brooke,Andersen,Vista,CA
Sarah,Anderson,Broomall,PA
Steve,Anderson,Bountiful,UT
Haley,Anderson,Granite Bay,CA
Hallie,Anderson,O'Fallon,MO
Julia,Cottrill,Stillwater,OK
Natalie,Coughlin,Vallejo,CA
Kate,Courtney,Kentfield,CA
Brittani,Coury,Durango,CO
DeMarcus,Cousins,Mobile,AL
Elizabeth,Cousins,Nashua,NH
Colton,Cowell,Makawao,HI
Caroline,Coyer,Oakton,VA
Kendall,Coyne Schofield,Palos Heights ,IL
Amy,Cozad Magaña,Indianapolis,IN
Trevor,Crabb,Honolulu,HI
Taylor,Crabb,Honolulu,HI
Lawson,Craddock,Houston,TX
Omar,Craddock,"Killeen, Texas ",TX
Morgan,Craft,Muncy Valley,PA
Amy,Cragg-Hastings,Leavenworth,KS
Charlotte,Craig,Murrieta,CA
Kami,Craig,Santa Barbara,CA
Brad,Craig,Midland,MI
Jim,Craig,Easton,MA
Antoine,Craig,Richmond,VA
Brooke,Crain,Visalia,CA
Carson,Crain,Houston,TX
Lauren,Crandall,Doylestown,PA
Elise,Cranny,Boulder,CO
Mackenzie,Crawford,Milan,MI
Jessie,Creed,Boca Raton,FL
David,Cremin,Annandale,VA
Freddie,Crittenden III,"St. Louis, Mo.",MO
Dartanyon,Crockett,Colorado Springs,CO
Thom,Crockett,Raleigh,NC
Phillip,Croft,Spokane,WA
Alyssia,Crook,Allendale,MI
Kym,Crosby,Yuba City,CA
Michelle,Cross,Mission Viejo,CA
Ryan,Crouser,Boring,OR
Sam,Crouser,Gresham,OR
Jacob,Crumbley,Fortson,GA
Hazel,Cruz,Santa Clara,CA
Aaron,Cummings,Muskegon,MI
Sarah,Cummings,New York,NY
Nick,Cunningham,Monterey,CA
Logan,Cunningham,Smithson Valley,TX
Tim,Cunningham,Springfield,NH
Vashti,Cunningham,Las Vegas,NV
Liam,Cunningham,River Falls,WI
Luca,Cupido,Santa Margherita,CA
Britta,Curl-Salemme,Bismarck,ND
Cailin,Currie,Salem,MA
Stephen,Curry,Akron,OH
Brooks,Curry,Dunwoody,GA
Kelly,Curtis,Princeton ,NJ
Nina,Cutro-Kelly,Albany,NY
Jaime,Czarkowski,Calgary,CA
Lisa,Czechowski,Boonton,NJ
Abbey,D'Agostino,Topsfield,MA
Isabela,Da Cruz,Belmont,MA
Nicholas,Dadgostar,Sidney,NE
Abby,Dahlkemper,Menlo Park,CA
Kyle,Dake,Cornell University,NY
Ali,Daley McColloch,Grass Valley,CA
Phil,Dalhausser,Ormond Beach,FL
Lara,Dallman-Weiss,Shoreview,MN
Jake,Dalton,Sparks,NV
Alissa,Dalton,Cypress,TX
John,Daly,Smithtown,NY
Jessica,Damico,Gray Summit,MO
Alicia,Dana,Putney,VT
Ethan,Dang,Renton,WA
Perry,Daniel,Santa Clara,CA
Teahna,Daniels,Orlando,FL
Hailey,Danz,Colorado Springs,CO
Hannes,Daube,Long Beach,CA
Tierna,Davidson,Menlo Park,CA
Josh,Davidson,Tomball,TX
Elizabeth,Davidson,Northridge,CA
Meryl,Davis,West Bloomfield,MI
Jyare,Davis,Newark,DE
Nicole,Davis,Stockton,CA
Brandon,Davis,Mammoth Lakes,CA
Charles,Davis,Grafton,MA
Jess,Davis,Bethlehem,CT
Connor,Davis,Shelbyville,KY
Katie,Davis,Sacramento,CA
Lucy,Davis,Los Angeles,CA
Anthony,Davis,Chicago,IL
Ashley,Davis,Great Neck,NY
Ivy,Davis,Scottsdale,AZ
Tom,Davis,Fremont,IN
Taya,Davis-Reimer,Fishers,IN
Tara,Davis-Woodhall,Agoura Hills,CA
Lea,Davison,Jericho,VT
Ben,Davison,Inverness,FL
Chloe,Davitiani,Walnut Creek,CA
Rachel,Dawson,Berlin,NJ
Casey,Dawson,Park City,UT
Tyler,Day,"Gilbert, Ariz. ",AZ
Emily,Day,Torrance,CA
Veronica,Day,Vienna,VA
Sebestian,De Francesco,Santa Cruz,CA
Freddie,De Los Santos,Hopewell Junction,NY
Bryson,DeChambeau,Clovis,CA
TJ,DeFalco,Huntington Beach,CA
Frank,"DeGroat, Jr.",Ringwood,NJ
Marco,DeLaRosa,Chicago,IL
Cameron,DeLillo,Blandon,PA
Janay,DeLoach,Fort Collins,CO
Ali,DeLoof,Grosse Pointe Park,MI
Lauryn,DeLuca,Parma,OH
Ralph,DeQuebec,Denver,CO
Natalie,DeRatt,Asheville,NC
Drew,DeRidder,Fenton,MI
DeMar,DeRozan,Compton,CA
Nicole,DeWitt,Garden Grove,CA
Bryce,Deadmon,Missouri City,TX
Leyton,Dean,Noblesville,IN
Clark,Dean,Sarasota,FL
Jack,Deboer,Madison,NJ
Brianna,Decker,Dousman,WI
Hannah,Dederick,Mead,WA
Alex,Deibold,Boulder,CO
Frank,Del Duca,Bethel,ME
Athena,Del Rosario,Redondo Beach,CA
Jourdan,Delacruz,Wylie,TX
Joe,Delagrave,Prairie du Chien,WI
Tammy,Delano,Rome,NY
Angelica,Delgado,Miami,FL
Kellie,Delka,Denton,TX
Elena,Delle Donne,Wilmington,DE
Emily,Delleman,Davenport,IA
Robert,Deller,Marietta,GA
Nick,Delpopolo,Davie,FL
Bill,Demong,Vermontville,NY
Marquis,Dendy,Wilmington,DE
Mariah,Denigan,Walton,KY
Amanda,Dennis,Peachtree City,GA
Tad,Dennis,Mount Holly ,NC
Eli,Dershwitz,Boston,MA
Madison,Desch,Lenexa,KS
Gabi,Deters,Bowling Green,MO
Gail,Devers,National City,CA
Nate,Devine,Merced,CA
Chris,Devlin-Young,Campton,NH
Kimberly,DiCello,San Diego,CA
Maya,DiRado,San Francisco,CA
Michael,DiSanto,Boston,MA
Alexander,Diaz,Boston,MA
Brandon,Dickson,Prattville,AL
Mick,Dierdorff,Steamboat Springs,CO
AJ,Digby,Tontogany,OH
Jessie,Diggins,Afton,MN
Skylar,Diggins-Smith,South Bend,IN
Faith,Dillon,Las Vegas,NV
Rachel,Dincoff,Auburn,IN
Emily,Ding,Cupertino,CA
David,Dinsmore,New Albany,OH
Tori,Dixon,Burnsville,MN
Travis,Dodson,Deming,NM
Lera,Doederlein,Escondido,CA
Rick,Doerr,Clifton,NJ
Sean,Doherty,Center Conway,NH
Ryan,Doherty,Toms River,NJ
Ryan,Dolan,Kailua,HI
Caroline,Dolehide,"Hinsdale, Ill. ",IL
Riley,Dolezal,Stanley,ND
Stefanie,Dolson,Port Jervis,NY
Cody,Dominik,Seal Beach,CA
Sam,Dommer,Folsom,CA
Ryan,Donato,Scituate,MA
Andrew (Drew),Donlin,Plymouth,MN
Sage,Donnelly,Carson City,NV
Sean,Donnelly,"Willoughby, Ohio ",OH
Maddie,Donohoe,Annandale,VA
Astin,Donovan,Guilford,CT
Logan,Dooley,Lake Forest,CA
Gia,Doonan,Rochester,MA
Sam,Dorman,Tempe,AZ
Whitney,Dosty,Tucson,AZ
Gabrielle,Douglas,Los Angeles,CA
Kate,Douglass,Pelham,NY
Amanda,Dowdy,Lexington,TX
Justin,Dowell,Virginia Beach,VA
Brenna,Dowell,Odessa,MO
Bailey,Dowling,St. Joseph,IL
Tricia,Downing,Denver,CO
Amanda,Doyle,Santa Clarita,CA
Lauren,Doyle,Boody,IL
Tharon,Drake,Hobbs,NM
Hannah,Dreissigacker,Morrisville,VT
Emily,Dreissigacker,Morrisville,VT
Caeleb,Dressel,Green Cove Springs,FL
Annalisa,Drew,Andover,MA
Annie,Drews,Elkhart,IN
Phill,Drobnick,Eveleth,MN
Korey,Dropkin,Southborough,MA
Avery,Drost,Redlands,CA
Ravi,Drugan,Eugene,OR
Gage,DuBois,Phoenix,AZ
Annmarie,Dubberstein,Portage,WI
Jackie,Dubrovich,Riverdale,NJ
Eric,Duda,Marietta,GA
Tracey,Anderson,Salt Lake City,UT
Matt,Anderson,West Seneca,NY
Shae,Anderson,Norco,CA
Kolohe,Andino,San Clemente,CA
Robby,Andrews,Manalapan Township,NJ
Casey,Andringa,Boulder,CO
Michael,Andriyuk,San Jose,CA
Alexis,Anglade,Johns Creek,GA
Carmelo,Anthony,New York,NY
Courtney,Anthony,Lexington,NE
Matt,Antoine,Prairie du Chien,WI
Michael,Anwar,Spokane,WA
Chuck,Aoki,Minneapolis,MN
Zach,Apple,Trenton,OH
Jared,Arambula,Valparaiso,IN
Dani,Aravich,Boise,ID
Mark,Arcobello,Milford,CT
Suzanne,Arenal,Corona Del Mar,CA
Susan,Dudt,Malvern,PA
Colin,Duffy,Broomfield,CO
Meghan,Duggan,Danvers,MA
Troy,Dumais,Ventura,CA
Sam,Duncan,Vienna,VA
Greg,Duncan,Oakton,VA
Kelin,Dunfee,Saint Paul,MN
Abby,Dunkin,New Braunfels,TX
Susan,Dunklee,Craftsbury,VT
Crystal,Dunn,Rockville Centre,NY
Jincy,Dunne,O'Fallon,MO
Joy,Dunne,O'Fallon ,MO
Mary Beth,Dunnichay,Elwood,IN
Thomas,Dunstan,New Canaan,CT
Noah,Duperre,New Albany,OH
Tucker,Dupree,Raleigh,NC
Emir,Durakovic,Scottsdale,AZ
Kevin,Durant,Washington D.C.,MD
Andrew,Durutalo,San Diego,CA
Tye,Dutcher,Merced,CA
Phillip,Dutton,West Grove,PA
Conor,Dwyer,Winnetka,IL
Chloé,Dygert,Brownsburg,IN
Ford,Dyke,Jupiter Beach,FL
Kara,Eaker,Grain Valley,MO
Kaitlyn,Eaton,Houston,TX
Ashton,Eaton,Bend,OR
Katie,Eberling,Palos Hills,IL
Nate,Ebner,Columbus,OH
Annette,Echikunwoke,Pickerington,OH
Charla,Echols,Newnan,GA
Remi,Edvalson,Saratoga,CA
Anthony,Edwards,Atlanta,GA
Teresa,Edwards,Cairo,GA
Taylor,Edwards,Murrieta,CA
Laila,Edwards,Cleveland Heights,OH
Tia,Edwards,Skiatook,OK
Clare,Egan,Cape Elizabeth,ME
Jack,Eichel,North Chelmsford,MA
David,Eick,Raleigh,NC
Kiana,Eide,St. Francis,MN
Tracy,Eisser,Fair Lawn,NJ
Yaseen,El-Demerdash,Overland Park,KS
Emelie,Eldracher,Andover,MA
Siena,Ellingson,Minnetonka,MN
Jakob,Ellingson,Minnetonka,MN
Brian,Ellington,Gainesville,FL
Josh,Elliott,Yakima,WA
Christian,Elliott,Greenwood,IN
Noah,Elliott,St. Charles,MO
Kendall,Ellis,North Hollywood,CA
Taylor,Ellis-Watson,Philadelphia,PA
Brady,Ellison,Billings,MT
Amanda,Elmore,West Lafayette,IN
Amit,Elor,Walnut Creek,CA
Ryan,Elwing,Brookfield,WI
Cheta,Emba,Richmond,VA
Ty,Emberson,Eau Claire,WI
Joel,Embiid,Monteverde,FL
Matt,Emmons,Brown Mills,NJ
Steve,Emt,DeForest,WI
Mark,Engel,Truckee,CA
Whitney,Engen,Rolling Hills Estates,CA
Amber,English,Colorado Springs,CO
Nita,Englund,Florence,WI
Robert,Enigl,Kaukauna,WI
Evan,Enriques,Pahala,HI
Kyle,Ensing,Valencia,CA
Christina,Epps,Morristown,NJ
Heather,Erickson,Fayetteville,NC
Nathanial,Errez,Seattle,WA
Julie,Ertz,Mesa,AZ
Anthony,Ervin,Valencia,CA
Dallas,Escobedo,Glendale,AZ
Malacchi,Esdale,Newark,DE
Marlen,Esparza,Houston,TX
David,Espinoza,Miami,FL
Marc,Estrella,Bakersfield,CA
Colin,Ethridge,Laytonsville,MD
Stephen,Ettinger,Cashmere,WA
Chris,Eubanks,Atlanta,GA
David,Eustace,Stoneham,MA
Aja,Evans,Chicago,IL
Lee,Evans,San Jose,CA
Terra,Evans,Phoenix,AZ
Andrew,Evans,Portage,MI
Miles,Evans,Santa Barbara,CA
Brock,Faber,Maple Grove,MN
Anthony,Fahden,Lafayette,CA
Connor,Faint,Winchester,VA
Nicholas,Fairall,Andover,NH
Lauina,Falatea,Hauula,HI
Megan,Faraimo,Vista,CA
Owen,Farley-Klacik,Gainesville,GA
Carmen,Farmer,Richmond,VA
Taylor,Farmer,Castalia,OH
Declan,Farmer,Tampa,FL
Lina,Farra,Heber City,UT
Ariel,Farrar-Wellman,Bethesda,MD
Sean,Farrell,Hopkinton,MA
Kent,Farrington,Wellington,FL
Kaitlyn,Farrington,Sun Valley,ID
Kendrick,Farris,Shreveport,LA
Luca,Fassi,Altadena,CA
Rachel,Fattal,Seal Beach,CA
Juliann,Faucette,San Diego,CA
Nicole,Fawcett,Zanesfield,OH
Tobi,Fawehinmi,Arlington,TX
Joanne,Fa’avesi,Sacramento,CA
Tim,Federowicz,Chapel Hill,NC
Stefanie,Fee,Virginia Beach,VA
Ryan,Feeley,Rye,NY
Jimmy,Feigen,San Antonio,TX
Allyson,Felix,Los Angeles,CA
Lauren,Fendrick,Carlsbad,CA
Yijun,Feng,Alpharetta,GA
Jazmine,Fenlator,Wayne,NJ
Mark,Fenner,Bemidji,MN
Pete,Fenson,Bemidji,MN
Ben,Ferguson,Bend,OR
Mason,Ferlic,St. Paul,MN
Lisa,Fernandez,Long Beach,CA
Anthony,Ferraro,Spring Lake,NJ
Alex,Ferreira,Aspen,CO
Jenna,Fesemyer,Ravenna,OH
Kupono,Fey,Honolulu,HI
Megumi,Field,Wilmington,DE
Jacob,Fielding,Los Angeles,CA
Connor,Fields,Las Vegas,NV
Eric,Filia,Huntington Beach,CA
Jennie,Finch,La Mirada,CA
Eric,Finch,Ann Arbor,MI
Thomas,Finchum,Indianapolis,IN
Nic,Fink,Morristown,NJ
Bobby,Finke,Clearwater,FL
Mason,Finley,Chaffee County,CO
Aleah,Finnegan,Lees Summit,MO
Aria,Fischer,Laguna Beach,CA
Sam,Fischer,Simi Valley,CA
Makenzie,Fischer,Laguna Beach,CA
Emily,Fischnaller,Lake Placid,NY
Megan,Fisher,Missoula,MT
Jordan,Fithian,McPherson,KS
Cooper,Flagg,Newport,ME
Shalane,Flanagan,Marblehead,MA
Kali,Flanagan,Burlington,MA
Lindsay,Flanagan,Roselle,IL
Charlie,Fleisch,North Massapequa,NY
Bryan,Fletcher,Steamboat Springs,CO
Taylor,Fletcher,Steamboat Springs,CO
Hali,Flickinger,Spring Grove,PA
Betsi,Flint,Phoenix,AZ
Hannah,Flippen,San Diego,CA
Elizabeth,Floch,Spokane Valley,WA
Annie,Flood,Salem,OR
John John,Florence,Haleiwa,HI
Austin,Florian,Southington,CT
Max,Flory,Fairfax,VA
Vonetta,Flowers,Birmingham,AL
Tairia,Flowers,Tucson,AZ
Alex,Flynn,Wilmington,MA
Chris,Fogt,Alpine,UT
Victoria,Folayan,Boston,MA
Casey,Followay,Wooster,OH
Pamela,Fontaine,Highland Village,TX
Jennifer,Fopma,Costa Mesa,CA
Tommy,Ford,Bend,OR
Brooke,Forde,Louisville,KY
Mac,Forehand,Winhall,VT
Carson,Foster,Cincinnati ,OH
Josephine,Fouts,Toledo,OH
Montana,Fouts,Grayson,KY
Rickie,Fowler,Jupiter,FL
Melissa,Fowler,Canby,OR
Anne,Fowler,Burke,VA
Sylvia,Fowles,Miami,FL
Emily,Fox,Ashburn,VA
Chloe,Fox-Gitomer,Portland,OR
Benn,Fraker,Peachtree City,GA
Adrianna,Franch,Salina,KS
Phyllis,Francis,Queens,NY
Aerin,Frankel,Chappaqua,NY
Tori,Franklin,Chicago,IL
Missy,Franklin,Centennial,CO
Rosie,Frankowski,Minneapolis,MN
Todd,Frazier,Toms River,NJ
Ezra,Frech,Los Angeles,CA
Emily,Frederick,Gadsden,AL
Lee,Fredette,East Moriches,NY
Amanda,Freed,Cypress,CA
Deidre,Freeman Huff,Grinnell,IA
Courtney,Frerichs,Nixa,MO
Hugh,Freund,South Freeport,ME
Noah,Frisvold,Palatine,IL
Clayton,Fritsch,"Sealy, Texas",TX
Carissa,Fu,Boston,MA
Naima,Fuala'au,Hayward,CA
Virginia,Fuchs,Houston,TX
Stacey,Fuchsgruber,Chicago,IL
Matt,Fuerbringer,Costa Mesa,CA
Valerie,Arioto,Pleasanton,CA
Jen,Armbruster,Portland,OR
Kristin,Armstrong,Boise,ID
Hunter,Armstrong,Dover,OH
Erik,Arvidsson,Woodside,CA
Ronnie,Ash,Passaic,NJ
Cannie,Ash,Hoschton,GA
Whitney,Ashley,Riverside,CA
Josie,Aslakson,Jordan,MN
Hannah,Aspden,Raleigh,NC
Ariel,Atkins,Dallas,TX
Jackson,Atwood,Spokane,WA
Nate,Augspurger,Minneapolis,MN
Seimone,Augustus,Baton Rouge,LA
Elizabeth,Fullen,Cincinnati,OH
Alex,Fulmer,Little Mountain,SC
Jill,Funk,Lancaster,PA
Sean,Furey,Methuen,MA
Caleb,Furnell,Lee's Summit,MO
Keith,Gabel,Ogden,UT
Erin,Gabriel,Poland,OH
Gail,Gaeng,Frederick,MD
Julia,Gaffney,Mayflower,AR
Veronica,Gajownik,Oviedo,FL
Bethany,Galat,Mishawaka,IN
Vicky,Galindo,Union City,CA
Cameron,Gallagher,Lancaster,PA
Mike,Gallardo,Los Angeles,CA
Jackie,Galloway,Wylie,TX
Courtney,Gano,West Covina,CA
Travis,Ganong,Alpine Meadows,CA
Stephen,Garbett,Parker,CO
Rachel,Garcia,Palmdale,CA
Taylor,Garcia,Winter Garden,FL
Cristiano,Garcia,Springfield,VA
Christella,Garcia,Sacramento,CA
Rudy,Garcia-Tolson,Colorado Springs,CO
English,Gardner,Willingboro,NJ
Irene,Gardner,San Francisco,CA
Cherrelle,Garrett,Hayward,CA
Catherine,Garrett,Darien,CT
Zach,Garrett,Wellington,MO
Jackie,Garso,Lake Clear,NY
David,Garza,San Diego,CA
Sarah,Gascon,San Pedro,CA
Abby,Gase,Tontogany,OH
Justin,Gatlin,Woodham,FL
Anna,Gay,Winter Garden,FL
Tyson,Gay,Lexington,KY
William,Gebauer,Whitefish Bay,WI
Ellen,Geddes,Aiken,SC
McKenna,Geer,Arlington,WA
Margo,Geer,Milford Center,OH
Kim,Geist,Emmaus,PA
Jordan,Geist,"Butler, Pa.",PA
David,Gelfand,Weston,CT
Joshua,George,Herndon,VA
Paul,George,Palmdale,CA
Red,Gerard,Silverthorne,CO
Logan,Gerick,Keller,TX
Maxime,Germain,Juneau,AK
Garrett,Geros,Cartersville,GA
Andrea,Geubelle,University Place,WA
Aileen,Geving,Duluth,MN
Olivia,Giaccio,Redding,CT
Alyssa,Gialamas,Naperville,IL
Sarah,Giancola,Buffalo,NY
Vanna,Giang,Westminster,CA
Jake,Gibb,Bountiful,UT
Nick,Gibb,Boulder,CO
Lauren,Gibbemeyer,St. Paul,MN
Riley,Gibbs,Long Beach,CA
Lauren,Gibbs,Los Angeles,CA
Ariel,Gibilaro,North Branford,CT
Lauren,Gibson,Pasadena,MD
Sarah,Gibson,San Antonio,TX
Alison,Gibson,Austin,TX
Anna,Gibson,Jackson,WY
Peter,Gibson,Cambridge,MA
Avery,Giese,San Clemente,CA
John,Gilbert,Fairfax,MO
Kaleigh,Gilchrist,Newport Beach,CA
Cravon,Gillespie,Pasadena,CA
Lex,Gillette,Raleigh,NC
Grace,Gilliland,Eagle River,AK
Tarrin,Gilliland,Liberty Hill,TX
Kristen,Gillman,Austin,TX
Matt,Gilroy,North Bellmore,NY
Katelyn,Ginolfi,Lewes,DE
Brian,Gionta,Rochester,NY
Naomi,Girma,San Jose,CA
Marcos,Giron,Thousand Oaks,CA
Michael,Glasder,Cary,IL
Alisha,Glass,Leland,MI
Ajla,Glavasevic,Erie,PA
Amber,Glenn,Plano,TX
Walton,Glenn Eller,Columbus,GA
Steven,Gluckstein,Atlantic Highlands,NJ
Tessa,Gobbo,Chesterfield,NH
Michael,Godfrey,Dublin,TX
Elija,Godwin,Covington,GA
Nick,Goepper,Lawrenceburg,IN
Taylor,Gold,Steamboat Springs,CO
Arielle,Gold,Steamboat Springs,CO
Gracie,Gold,Redondo Beach,CA
Jared,Goldberg,Salt Lake City,UT
Brittany,Gomez,New Braunfels,TX
Joel,Gomez,Encinitas,CA
Linnea,Gonzales,Bel Air,MD
Ixhelt,Gonzalez,Chicago,IL
Melissa,Gonzalez,Mohegan Lake,NY
Jasper,Good,Steamboat Springs,CO
Chelsea,Goodacre,Temecula,CA
Laura,Goodkind,Los Angeles,CA
Joseph,Goodpaster,Hershey ,PA
Gabriel,Goodreau,Los Angeles,CA
Benjamin,Goodrich,St. Paul,MN
Christopher,Gordon,Elmhurst,NY
Marcus,Gore,Vail,CO
Jade,Gortarez,Riverside,CA
Anthony,Gose,Bellflower,CA
Aaron,Gouge,Dallas,TX
Delanie,Gourley,Lakeside,CA
Rachel,Gowey,Urbandale,IA
Kate,Grace,Santa Monica,CA
Jacob,Grace,Morgan Hill,CA
Michael,Grady,Pittsburgh,PA
Jerami,Grant,Portland,OR
Laura,Graves,Orlando,FL
Allisha,Gray,Sandersville,GA
Adeline,Gray,Denver,CO
Chelsea,Gray,Hayward,CA
Savannah,Graybill,Denver,PA
Roderick,Green,West Monroe,LA
Ralph,Green,Brooklyn,NY
Draymond,Green,Saginaw,MI
Bennett,Greene,Knoxville,TN
Jordan,Greenway,Canton,NY
Dustin,Greenwood,Palmyra,VA
Danielle,Grega,Kingston,PA
Meghan,Gregg,Williamson,GA
Johnny,Gregorek,"Seekonk, Mass",MA
Kendall,Gretsch,Downers Grove,IL
Jamie,Greubel Poser,Newtown,PA
Matt,Grevers,Lake Forest,IL
Sam,Grewe,Middlebury,IN
Tysheem,Griffin,Amityville,NY
Kelly,Griffin,Berkeley,CA
Emily,Griggs,Wichita,KS
Brittney,Griner,Houston,TX
Evita,Griskenas,Orland Park,IL
Lindsay,Grogan,Macon,GA
Natalia,Grossman,Santa Cruz,CA
Hallie,Grossman,Craftsbury,VT
Howard,Grotts,Durango,CO
Will,Groulx,Portland,OR
Noah,Grove,Frederick,MD
Charlie,Gruber,Golden,CO
Jonathan,Gruden,Rochester Hills,MI
Emily,Grund,Keller,TX
Jesse,Grupper,Upper Montclair,NJ
Olivia,Gruver,"Baltimore, Md.",MD
Jake,Guentzel,Woodbury,MN
Rory,Guilday,Chanhassen,MN
Catarina,Guimaraes,Cranford,NJ
Bora,Gulari,Detroit,MI
Denny,Gulia-Janovski,Lauderdale by the Sea,FL
Ryan,Gunderson,Bensalem,PA
Tyson,Gunter,McCammon,ID
Nareg,Guregian,North Hills,CA
Katelin,Guregian,Orlando,FL
Abby,Gustaitis,White Hall,MD
Lanie,Gutch,Orlando,FL
Adnan,Gutic,St Louis,MO
Kelsey,Ha,San Jose,CA
Townley,Haas,Henrico,VA
Austin,Hack,Old Lyme,CT
Josh,Hader,Millersville,MD
Kerry,Hadiaris,Duluth,MN
Annie,Haeger,East Troy,WI
Jenna,Hagglund,West Chester,OH
Derek,Haldeman,Sunbury,OH
Patrick,Halgren,Tolland,CT
Tyrese,Haliburton,Oshkosh,WI
Alexa,Halko,Williamsburg,VA
Peyton,Hall,Prairie du Chien,WI
James,Hall,Anniston,AL
Marielle,Hall,Haddonfield,NJ
Gabriel,Hall,Belleville,IL
Farrah,Hall,Annapolis,MD
Arman,Hall,Pembroke Pines,FL
Carmarry,Hall,Indianapolis,IN
Anna,Hall,Greenwood Village,CO
Alex,Hall,Salt Lake City,UT
Gary,"Hall, Jr.",Phoenix,AZ
Liz,Halliday-Sharp,Ocala,FL
Ben,Hallock,Studio City,CA
Paige,Halstead,Alta Loma,CA
Sean,Halsted,Rathdrum,ID
Hannah,Halvorsen,Truckee,CA
Dearica,Hamby,Marietta,GA
Marin,Hamill,Park City,UT
Matt,Hamilton,McFarland,WI
Joe,Hamilton,Sacramento,CA
Simi,Hamilton,Aspen,CO
Becca,Hamilton,McFarland,WI
Erin,Hamlin,Remsen,NY
Aaron,Hamm,Conover,NC
Evan,Austin,Terre Haute,IN
Tyler,Austin,Conyers,GA
Taylor,Averill,Portland,OR
Jerome,Avery,Lemoore,CA
Cam F.,Awesome,Uniondale,NY
Josh,Awotunde,"Franklinville, N.J. ",NJ
Femita,Ayanbeku,Boston,MA
Holly,Azevedo,San Jose,CA
Emily,Azevedo,Chico,CA
Tony,Azevedo,Long Beach,CA
David,Backes,Minneapolis,MN
Phoebe,Bacon,Chevy Chase,MD
Sarah,Bacon,Indianapolis,IN
Van Mitchel,Bactista,South Pasadena,CA
Nik,Baden,Steamboat Springs,CO
Sophie,Bader,Minneapolis,MN
Austin,Bahner,Wichita,KS
Chris,Bailey,Atlanta,GA
Tavis,Bailey,Kannapolis,NC
Lowell,Bailey,Lake Placid,NY
Drew,Baird,Holly Springs,NC
Ronnie,Baker,Louisville,KY
Courtney,Baker,Crofton,KY
Sarah,Hammer,Temecula,CA
Chris,Hammer,Elkins,WV
Shea,Hammond,Montclair,NJ
Vincent,Hancock,Eatonton,GA
Micha,Hancock,Edmond,OK
Austin,Handley,Madison,SD
Noah,Hanifin,Norwood,MA
Reese,Hanneman,Fairbanks,AK
Logan,Hanneman,Fairbanks,AK
Molly,Hannis,Santa Rosa,CA
Kevin,Hansen,Newport Beach,CA
Danielle,Hansen,Patterson,CA
Andrew,Haraghey,Enfield,CT
Tara,Harbert,Boulder,CO
Trey,Hardee,Vestavia Hills,AK
Ethan,Harder,Billings,MT
Jessica,Hardy,Long Beach,CA
Megan,Harmon,Huntsville,AL
Savannah,Harmon,Downers Grove,IL
Andrew,Harness,Villa Park,CA
Jessica,Harper,Stevensons Ranch,CA
Saige,Harper,Easthampton,MA
Dawn,Harper-Nelson,St. Louis,IL
Brendan,Harrington,Garden City,NY
Patrick,Harris,Moorpark,CA
Nick,Harris,Chester Springs,PA
Tyasha,Harris,Noblesville,IN
James,Harris,Lanett,AL
Keni,Harrison,Clayton,NC
Marck,Harrison,Columbus,OH
Kayla,Harrison,Middletown,OH
Nevin,Harrison,Seattle,WA
JuVaughn,Harrison,Huntsville,AL
Conor,Harrity,Weston,MA
Rebecca,Hart,Erie,PA
Jaquvis,Hart,Bossier City,LA
Nick,Hart,Lafayette,IN
Annie,Hart,Stillwater,MN
Mike,Hartfield,Manchester,CT
Zach,Harting,Madison,AL
Elizabeth,Hartnett,Fullerton,CA
Caroline,Harvey,Salem,NH
Jamie,Haskell,Bemidji,MN
Sarah,Haskins,St. Louis,MO
Natasha,Hastings,Brooklyn,NY
Mattie,Hatcher,Little Rock,AR
Beatriz,Hatz,Lakewood,CO
Paige,Hauschild,Santa Barbara,CA
Kaitlin,Hawayek,East Aurora,NY
Cheridan,Hawkins,Anderson,CA
Ryan,Hawkins,Charlotte,NC
Chari,Hawkins,Rexburg,ID
Ron,Hawthorne,Colorado Springs,CO
Gerald,Hayden,Winter Park,CO
Kristen,Hayden,Hillsborough,NJ
Emily,Hayes,"Colorado Springs, Colo. ",SC
Jade,Hayes,Ozark,MO
Quanera,Hayes,Dillon,SC
Mark,Hazinski, Plano,TX
Robert,Healy,Chevy Chase,MD
David,Hearn,Bethesda,MD
Tobin,Heath,Basking Ridge,NJ
Garrett,Heath,Winona,MN
Nicole,Heavirland,Whitefish,MT
Joshua,Hedberg,Noblesville,IN
Margaret,Hedeman,Concord,MA
Alexander,Hedge,Morristown,NJ
Courtney,Heeley,Phoenix,AZ
Ben,Hefner,Gainesville,GA
Adrian,Hegyvary,Seattle,WA
Max,Heid,Seattle,WA
Jessica,Heims,Swisher,IA
Zoe,Hein,La Jolla,CA
Taylor,Heise,Lake City,MN
Connor,Hellebuyck,Commerce,MI
Drew,Helleson,Farmington,MN
Danielle,Henderson,Commack,NY
Jeff,Henderson,North Little Rock,AR
Lacey,Henderson,Denver,CO
Alex,Hendricks,Columbus,OH
Sarah,Hendrickson,Park City,UT
Paris,Henken,Coronado,CA
Megan,Henry,Roxbury,CT
Katie,Hensien,Redmond,WA
Nicole,Hensley,Lakewood,CO
Kevin,Hensley,Memphis,TN
Sam,Hentges,New Brighton,MN
Andrew,Heo,Warrington,PA
Jake,Herbert,Beaumont,IN
Isaac,Herbst,Houston,TX
Dalton,Herendeen,Elkhart,IN
McClain,Hermes,Dacula,GA
Hailey,Hernandez,Southlake,TX
Laurie,Hernandez,Old Bridge,NJ
Briadam,Herrera,Miami,FL
Sophia,Herzog,Fairplay,CO
Samantha,Heyison,Adamstown,MD
Brett,Heyl,Charlotte,NC
Colleen,Hickey,Okawville,IL
David,Higgins,San Clemente,CA
Erik,Hightower,Pheonix,AZ
Kristin,Hildebrand,Orem,UT
Sarah,Hildebrandt,Granger,IN
Darrell,Hill,Darby,PA
Jamal,Hill,Inglewood,CA
Kim,Hill,Portland,OR
Sami,Hill,Santa Barbara,CA
Azaria,Hill,Santa Clarita,CA
Brian,Hilliard,Sacramento,CA
Matt,Hiltner,Winfield,IL
Nikki,Hiltz,Santa Cruz,CA
Natalie,Hinds,Athens,TX
Nate,Hinze,Cedar Grove,WI
Michael,Hixon,Amherst,MA
Yen,Hoang,Vancouver,WA
Aleia,Hobbs,New Orleans,LA
Brittany,Hochevar,Fowler,CO
Cole,Hocker,Indianapolis,IN
Sara,Hodek,Fairdale,ND
Tom,Hoff,Park Ridge,IL
Katerina,Hoffman,Whitehouse Station,NJ
Sylvia,Hoffman,Arlington,TX
Noah,Hoffman,Aspen,CO
Daniel,Hoffman,Baltimore,MD
Connor,Hogan,Foxborough,MA
Maggie,Hogan,Huntington Beach,CA
Steven,Holcomb,Park City,UT
Will,Holder,Palo Alto,CA
Jrue,Holiday,Los Angeles,CA
Drew,Holland,Orinda,CA
Nate,Holland,Sandpoint,ID
Rose,Hollermann,Elysian,MN
Henry,Hollingsworth,Dover,MA
Ryan,Hollins,Pasadena,CA
Mark,Hollis,Freeport,IL
Grant,Holloway,Chesapeake,VA
Johanna,Holloway,Boynton Beach,FL
Alicia,Hollowell,Suisun,CA
Russell,Holmes,Fountain Valley,CA
April,Holmes,Kissimmee,FL
Katharine,Holmes,"Washington, D.C.",WA
Tamara,Holmes,Albany,CA
Max,Holt,Cincinnati,OH
Sam,Holt,Cincinnati,OH
Daryl,Homer,Bronx,NY
Destinee,Hooker,San Antonio,TX
Johnny,Hooper,Los Angeles,CA
Carley,Hoover,Clemson,SC
Gavin,Hoover,Manhattan Beach,CA
Markie,Hopkins,Mission Viejo,CA
Bryce,Hoppel,Midland,TX
Lindsey,Horan,Golden,CO
Tim,Hornsby,Atlanta,GA
Jonathan,Horton,Houston,TX
Cyrus,Hostetler,Newberg,OR
Shelby,Houlihan,Sioux City,IA
Rhyne,Howard,Cleveland,TN
Marisa,Howard,"Pasco, Wash. ",WA
Alex,Howe,Gilford,NH
Mary Morgan,Howell,Dothan,AL
Allison,Howell,Chagrin Falls,OH
Thomas,Howell,Milwaukee,WI
Alex,Howes,Golden,CO
Jake,Hoyle,Wallingford,PA
Madison,Hubbell,Okemos,MI
Erin,Huck,Boulder,CO
Brenna,Huckaby,Baton Rouge,LA
Molly,Huddle,Elmira,NY
Tyler,Hudson,Gainesville,FL
Kevan,Hueftle,Eustis,NE
Emily,Huelskamp,Sainte Genevieve,MO
David,Huff,Huntington Beach,CA
Colin,Hufman,St. Paul,MN
David,Hughes,Miami,FL
Sara,Hughes,Costa Mesa,CA
Madison,Hughes,Lancaster,MA
Quinn,Hughes,Canton,MI
Marybai,Huking,Salt Lake City,UT
Amelia,Hundley,Hamilton,OH
Ron,Baker,Scott City,KS
Kathleen,Baker,Winston Salem,NC
Elizabeth,Baker,Roswell,GA
Brian,Baker,Nashville,TN
Perry,Baker,Daytona Beach,FL
Jean-Luc,Baker,Edmonds,WA
Steve,Baldwin,San Diego,CA
Lloy,Ball,Fort Wayne,IN
Adam,Ballou,Virginia Beach,VA
Brad,Balsley,Uniontown,PA
Katie,Bam,Blue Bell,PA
Tawny,Banh,San Gabriel,CA
Kayla,Banwarth,Dubuque,IA
Shawn,Banyai,Minnetrista,MN
Matt,Baranoski,Perkasie,PA
Will,Barao,Hingham,MA
Bui,Baravilala,Honolulu,HI
Dan,Barefoot,Johnstown,PA
Samantha,Barlow,San Diego,CA
Emma,Hunt,Woodstock,GA
Joel,Hunt,Kokomo,IN
Darlene,Hunter,Commerce,MI
Meghan,Hunter,Provo,UT
Keana,Hunter,Seattle,WA
Morgan,Hurd,Middletown,DE
Courtney,Hurley,San Antonio ,TX
Kristen,Hurley,Columbia,CT
Kelley,Hurley,San Antonio,TX
Cooper,Hurley,"Newark, Del.",MA
AJ,Hurt,Carnelian Bay,CA
Torri,Huske,Arlington,VA
Madison,Huskey,Cerritos,CA
John,Hyden,San Diego,CA
Flo,Hyman,Inglewood,CA
Mary,Iakopo,Carson,CA
Gianfranco,Iannotta,Garfield,NJ
Ali,Ibanez,Murray,UT
Anna,Ifarraguerri,McLean,VA
Race,Imboden,Brooklyn,NY
Akbar,Iminov,New York,NY
Ariana,Ince,Gonzales,TX
Emily,Infeld,University Heights,OH
Rene,Ingram,Fort Sill,OK
Sabrina,Ionescu,Walnut Creek,CA
Martin,Iosefo,Wahiawa,HI
Kristian,Ipsen,Clayton,CA
Lynna,Irby,Indianapolis,IN
Brian,Irr,Newfane,NY
Birk,Irving,Winter Park,CO
Kyrie,Irving,West Orange,NJ
Max,Irving,Long Beach,CA
Deedra,Irwin,Pulaski,WI
Morris,Isby,Sacramento,CA
Haley,Ishimatsu,Seal Beach,CA
Carlin,Isles,Massillon,OH
Nick,Itkin,Los Angeles,CA
Jayson,Jablonsky,Yorba Linda,CA
Bershawn,Jackson,Raleigh,NC
Edwin,Jackson,Columbus,GA
Jazmyn,Jackson,San Jose,CA
Desmond,Jackson,Durham,NC
Renae,Jackson,Vacaville,CA
Erin,Jackson,Ocala,FL
Lindsey,Jacobellis,Roxbury,CT
Joel,Jacobson,Langdon,ND
Connor,Jaeger,Fair Haven,NJ
Thomas,Jaeschke,Wheaton,IL
Noah,Jaffe,Carlsbad,CA
Evan,Jager,Algonquinn,IL
Reggie,Jagers III,Cleveland,OH
Ellora,Jaggi,Oak Park,IL
Seth,Jahn,Lakeland,FL
Stephanie,Jallen,Harding,PA
Sarah,Jalli,Canton,OH
LeBron,James,Akron,OH
Josiah,Jamison,Vance,SC
Tessa,Janecke,Warren,IL
Travis,Jankowski,Lancaster,PA
Ian,Jansing,St. Louis,MO
Rikki,Jao,Rancho Cucamonga,CA
Regina,Jaquess,Santa Rosa Beach,FL
Sahvanna,Jaquish,Highland,CA
Price,Jarman,Las Vegas,NV
Jessica,Javelet,San Diego,CA
John,Jayne,Chicago,IL
Trumaine,Jefferson,"Houston, Texas ",TX
Kyra,Jefferson,Detroit,MI
Moriah,Jefferson,Glenn Heights,TX
Madeline,Jelenicki,Santa Clarita,CA
Jeff,Jendryk,Wheaton,IL
Trevon,Jenifer,Huntingtown,MD
Mikaela,Jenkins,Evansville,IN
Andrew,Jenks,Wilmington,DE
Terrence,Jennings,Alexandria,VA
Jessika,Jenson,Rigby,ID
Ayden,Jent,"Indianapolis, Ind. ",IN
Lindsey,Jerdonek,Cleveland,OH
Jessica,Jerome,Park City,UT
Isaiah,Jewett,Inglewood,CA
Kanak,Jha,Milpitas,CA
Tim,Jitloff,Reno,NV
Priscilla,Jo,Clovis,CA
Charles,Jock,San Diego,CA
Vincent,Jodjana,Chino Hills,CA
Jake,Johnson,Lincoln University,PA
Steele,Johnson,Carmel,IN
Cody,Johnson,Fort Kent,ME
Ashleigh,Johnson,Miami,FL
Kibwe,Johnson,Suwanee,GA
Steve,Johnson,Orange,CA
Tess,Johnson,Vail,CO
Allie,Johnson,Chicago,IL
Willard,Johnson,Everett,WA
Aaron,Johnson,Palo Alto,CA
Kristopher,Johnson,Long Beach,CA
Rafer,Johnson,Kingsbury,CA
Anders,Johnson,Plattsburgh,NY
Keldon,Johnson,Sterling,VA
Michael,Johnson,Dallas,TX
Kathryn,Johnson,Hopkins,MN
Felisha,Johnson,Indianapolis ,IN
Keane,Johnson,Los Altos,CA
Liz,Johnson,Cheektowaga,NY
Stefanie,Johnson,McKinney,TX
Breezy,Johnson,Jackson Hole,WY
Teagan,Johnson-Moore,Lyons,CO
Abby,Johnston,Upper Arlington,OH
Wadeline,Jonathas,Columbia,SC
Briauna,Jones,Charlotte,NC
Mary,Jones,Huntsville,AL
Cody,Jones,Simi Valley,CA
Jasmine,Jones,Greensburg,PA
Malik,Jones,Aurora,CO
Kehri,Jones,Killeen,TX
Allison,Jones,Colorado Springs,CO
Lolo,Jones,Baton Rouge,LA
Shilese,Jones,Auburn,WA
Stirley,Jones,Lake Butler,FL
Jonathan,Jones,Portville,NY
Ryan,Jones,Fowler,IN
Keaton,Jones,Gilbert,AZ
Nicole,Joraanstad,Verona,WI
Cortney,Jordan,Henderson ,NV
Alphonso,Jordan,Charlotte,NC
DeAndre,Jordan,Houston,TX
Gwen,Jorgensen,St. Paul,MN
Matthew,Josa,Charlotte,NC
Joshua,Joseph,Bethesda,MD
Chase,Josey,Sun Valley,ID
John,Joss,Corsicana,TX
Grace,Joyce,Northfield,IL
Giselle,Juarez,Glendale,AZ
Lovieanne,Jung,Fountain Valley,CA
Cody,Jung,San Diego,CA
Phillip,Jungman,Caldwell,TX
Michael,Kacer,Cary,NC
Emmy,Kaiser,Ft. Mitchell,KY
Kyle,Kakela,Rolla,ND
Zoe,Kalapos,Vail,CO
Chase,Kalisz,Bel Air,MD
Emily,Kallfelz,Jamestown,RI
Megan,Kalmoe,St. Croix Falls,WI
Jake,Kaminski,Gainesville,FL
Steven,Kampfer,Jackson,MI
Kaleo,Kanahele Maclay,Oahu,HI
Danielle,Kang,Las Vegas,NV
Alisa,Kano,New York,NY
Ben,Kanute,Geneva,IL
Jacqui,Kapinowski,Tequesta,FL
Elizabeth,Kapitonova,Staten Island,NY
Jacob,Kaplan,Morganville,NJ
Alex,Karwoski,Hollis,NH
Devery,Karz,Park City,UT
Coral,Kasden,"San Diego, Calif. ",CA
Michelle,Kasold,Chapel Hill,NC
Kirsten,Kasper,North Andover,MA
Nolan,Kasper,Warren,VT
Steve,Kasprzyk,Cinnaminson,NJ
Deena,Kastor,Mammoth Lakes,CA
Safin,Kasturi,Plano,TX
Jaelin,Kauf,Alta,WY
James,Kaull,"Washington, D.C.",WA
Amanda,Kautzer,Plymouth,MN
Rachel,Kawleski,Stevens Point,WI
Scott,Kazmir,Cypress Falls,TX
Hannah,Kearney,Norwich,VT
Hagen,Kearney,Norwood,CO
Stanley,Kebenei,Fayetteville,AR
Jesse,Keefe,Sun Valley,ID
Bethaney,Keen,Bradenton,FL
Mebrahtom,Keflezighi,Mammoth Lakes,CA
Aaron,Keith,Woodinville,WA
Lexi,Keller,Omro,WI
Megan,Keller,Farmington Hills,MI
Clayton,Keller,St. Louis,MO
Alev,Kelter,Eagle River,AK
Hunter,Kemper,Colorado Springs,CO
Brad,Kendell,Clearwater,FL
Sam,Kendricks,Oxford,MS
David,Kendziera,Mount Prospect,IL
Madison,Kennedy,Charlotte,NC
Gus,Kenworthy,Telluride,CO
Jasmine,Kerber,Highland Park,IL
Erin,Kerkhoff,Coralville,IA
Fred,Kerley,Taylor,TX
Julia,Kern,Waltham,MA
Phil,Kessel,Madison,WI
Amanda,Kessel,Madison,WI
Sawyer,Kesselheim,Bozeman,MT
Chris,Barlow,San Diego,CA
Nikole,Barnes,Miami,FL
Harrison,Barnes,Ames,IA
Cayla,Barnes,Eastvale,CA
Kelly,Barnhill,Marietta,GA
Shelby,Baron,Honolulu,HI
McQuin,Baron,North Tustin,CA
Mark,Barr,Davis,CA
Jake,Barrett,Mesa,AZ
Danny,Barrett,Pacifica,CA
Dylan,Barrett,Woodbury,MN
Thomas,Barrows III,St. Thomas,VI
Ayla,Barry,San Jose,CA
Sydney,Barta,Arlington,VA
Bryan,Barten,Hart,MI
Tianna,Bartoletta,Tampa,FL
Michelle,Bartsch-Hackley,Champaign,IL
Monica,Bascio,Evergreen,CO
Jennifer,Kessy,San Juan Capistrano,CA
Benard,Keter,Colorado Springs,CO
Michelle,Key,Gilbert,AZ
Todd,Key,Scottsdale,AZ
Madison,Keys,Boca Raton,FL
Drew,Kibler,Carmel,IN
Lee,Kiefer,Lexington,KY
Lauren,Kieffer,Middleburg,VA
Lexi,Kilfoyl,Land O'Lakes,FL
Bonnie,Kilis,Marlborough,CT
Claire,Kim,Campbell,CA
Chloe,Kim,Torrance,CA
Brandon,Kim,Fairfax,VA
Sohwon,Kim,Chantilly,VA
Anna,Kimbrell,Fort Mill,SC
Spencer,Kimbro,Moses Lake,WA
Woody,Kincaid,Littleton,CO
Lilly,King,Evansville,IN
Christian,King,Virginia Beach,VA
Michael,King,Kansas City,MO
Kyree,King,Ontario,CA
Edward,King,Ironton,MO
Marlena,King,Clayton,CA
Morghan,King,Redmond,WA
Chris,Kinney,Stockbridge,GA
Shadrack,Kipchirchir,Beaverton,OR
Sally,Kipyego,Eugene,OR
Karch,Kiraly,Santa Barbara,CA
Kristi,Kirshe,Franklin,MA
Austin,Kleba,Campton Hills,IL
Joe,Klecker,Minneapolis,MN
Marius,Kleinas,Marstons Mills,MA
Megan,Kleist,Appleton,WI
Alix,Klineman,Torrance,CA
Meghan,Klingenberg,Gibsonia,PA
Baylee,Klingler,Houston,TX
Taryn,Kloth,Sioux Falls,SD
Abi,Knapton,Omaha,NE
Michael,Kneeland,Bozeman,MT
Chris,Knierim,San Diego,CA
Alexa,Knierim,Addison,IL
Matthew,Knies,Phoenix,AZ
Kaitlin,Knifton,Austin,TX
Hilary,Knight,Sun Valley,ID
Kyndal,Knight,Stanley,NC
Erriyon,Knighton,Tampa,FL
Keegan,Knott,Lake Villa,IL
Madison,Kocian,Dallas,TX
Kara,Kohler,Clayton,CA
Mike,Kohn,Chantilly ,VA
Sakura,Kokumai,Los Angeles,CA
Chad,Kolarik,Abington,PA
Bill,Kolinske,Big Bend,WI
Kelsey,Kolojejchick,Larksville,PA
Mark,Kolozsvary,Eustis,FL
Matthew,Koman,Cincinnati,OH
Josh,Konieczny,Millbury,OH
Michelle,Konkoly,Eagleville,PA
Leonard,Korir,Colorado Springs ,CO
Tyler,Kornfield,Anchorage,AK
Mariya,Koroleva,Concord,CA
Sorin,Koszyk,Grosse Pointe Park,MI
Joe,Kovacs,Bethlehem,PA
Lucas,Kozeniesky,Colorado Springs,CO
Austin,Krajicek,Brandon,FL
Desirae,Krawczyk,Palm Desert,CA
John,Kremer,Buford,GA
Kelly,Kretschman,Indian Harbour Beach,FL
Ali,Krieger,Dumfries,VA
Freddy,Krueger,Winter Garden,FL
Casey,Krueger,Naperville,IL
Cassidy,Krug,Coraopolis,PA
Kassidy,Krupit,Suwanee,GA
Isaia,Kruse,Fresno,CA
Christian,Krygier,Novi,MI
Katie,Kubiak,Cedarburg,WI
Kevin,Kucbor,Glenview,IL
Matt,Kuchar,Sea Island,GA
Denis,Kudla,Arlington,VA
Allison,Kunkel,Steamboat Springs,CO
Annie,Kunz,Denver,CO
Andrew,Kurka,Palmer,AK
John,Kusku,Commerce Township,MI
Derrick,"Kwak, Jr.",Simi Valley,CA
Jessica,Kwong,Torrance,CA
Erik,Kynard,Toledo,OH
Natalie,LaGrone,Las Vegas,NV
Griffin,LaMarre,Haverville,MA
Zach,LaVine,Renton,WA
Lucas,Lacamp,Hong Kong,CA
Will,Lachenauer,Reno,NV
Jake,Lachina,"Thousand Oaks, Calif. ",CA
Scott,Lacy,Aspen,CO
Alexis,Lagan,Boulder City,NV
Bernard,Lagat,Tucson,AZ
Eric,Lagerstrom,Portland,OR
Timothy,Lam,Mountain View,CA
Noelle,Lambert,Manchester,NH
Rich,Lambourne,Tustin,CA
Jocelyne,Lamoureux-Davidson,Grand Forks,ND
Monique,Lamoureux-Morando,Grand Forks,ND
Kendra,Lancaster,Westfield,IN
Austin,Landis,Corvallis,MT
Hagan,Landry,Delcambre,LA
Bailey,Landry,Prairieville,LA
John,Landsteiner,Mapleton,MN
Jared,Lane,Piscataway,NJ
Chase,Lane,Tallahassee,FL
Erika,Lang,Gilbert,AZ
Colby,Lange,"Edwards, Colo.",CO
Hailey,Langland,San Clemente,CA
Jake,Langlois,San Jose,CA
Steve,Langton,Melrose,MA
Lila,Lapanja,Incline Village,NV
Lauren,Lappin,Anaheim,CA
Dylan,Larkin,Waterford,MI
Jordan,Larson,Hooper,NE
Casey,Larson,Barrington,IL
Ashley,Latchford,Buffalo,NY
Amere,Lattin,"Missouri City, Texas ",TX
Grace,Latz,Jackson,MI
Rose,Lavelle,Cincinnati,OH
Stephen,Lawler,Burlington,VT
Kelani,Lawrence,Norfolk,VA
Kara,Lawson,Alexandria,VA
Jarrion,Lawson,Texarkana,TX
Lekeisha,Lawson,Victorville,CA
Ali,Lawson Trippe,Jasper,GA
Annie,Lazor,Beverly Hills,MI
Kelsey,LeFevour,Chicago,IL
Morgann,LeLeux,New Iberia,LA
Bobby,Lea,Topton,PA
Katie,Ledecky,Bethesda,MD
Van,Ledger,Lake Placid,NY
Caitlin,Ledoux,Phelan,CA
Eunice,Lee,Bellevue,WA
Andrea,Lee,Hermosa Beach,CA
Michael,Lee,Auburn,AL
Spencer,Lee,Murrysville,PA
Alex,Lee,Kailua,HI
Suni,Lee,Saint Paul,MN
BeeJay,Lee,West Covina,CA
Jen,Lee,San Francisco,CA
Eva,Lee,Diamond Bar,CA
Alex,Lee,Fullerton,CA
David,Leggio,Williamsville,NY
Emery,Lehman,Oak Park,IL
Evy,Leibfarth,Bryson City,NC
Tahl,Leibovitz,Ozone Park,NY
Anna,Lemkin,Woodside,CA
Daria,Lenz,Altadena,CA
Kawhi,Leonard,Los Angeles,CA
Lars Hammernes,Leopold,Truckee,CA
Marion,Lepert,Belmont,CA
Sydney,Leroux,Los Angeles,CA
Cory,Leslie,Huron,OH
Breanna,Leslie,Mesa,AZ
Lisa,Leslie,Inglewood,CA
Matt,Lesperance,Coleman,WI
Julie,Letai,Medfield,MA
Ahalya,Lettenberger,Glen Ellyn,IL
Matai,Leuta,Marina,CA
Jackson,Leverett III,Bainbridge,GA
Chloe,Levins,Rutland ,VT
Isabeau,Levito,Mount Laurel,NJ
Sarah,Levy,San Diego,CA
Chloe,Lewis,Novi,MI
Cheyenne,Lewis,San Francisco,CA
Stacy,Lewis,Humble,TX
Danell,Leyva,Homestead,FL
Olivia,Li,New Canaan,CT
Viola,Li,New Canaan,CT
Lucy,Li,Redwood Shores,CA
Will,Licon,El Paso,TX
Ted,Ligety,Park City,UT
KC,Lightfoot,Lee's Summit,MO
Scout,Bassett,Harbor Springs,MI
Nora,Batchelder,"Williston, Fla. ",NH
Evan,Bates,Ann Arbor,MI
Sis,Bates,Ceres,CA
Mark,Bathum,Seattle,WA
Haley,Batten,Los Gatos,CA
Abby,Bauleke,Savage,MN
Buddy,Baumann,Rogersville,MO
Jennifer,Baumert,"Chagrin Falls, Ohio ",FL
Nick,Baumgartner,Iron River,MI
Janet,Bawcom,Rome,GA
T.J.,Bayer,College Station,TX
Shane,Baz,Cypress,TX
Bradley,Beal,St. Louis,MO
Madison,Bear,Portage,WI
Sarah,Beard,Danville,IN
Sarah,Beaulieu,Fort Fairfield,ME
Kylan,Becker,Miami,FL
Damian,Lillard,Oakland,CA
Jenna,Lilley,North Canton,OH
Chris,Lillis,Rochester,NY
Jon,Lillis,Rochester,NY
Kristine,Lilly,Wilton,CT
Caroline,Lind,Greensboro,NC
Benjamin,Lindau,Chicago,IL
Desiree,Linden,Chula Vista,CA
Barb,Lindquist,Alta,WY
Cirrus,Lingl,Carpentersville,IL
Skylar,Lingl,Carpentersville,IL
Erica,Linthorst,Mt. Vernon,NY
Taylor,Lipsett,Mesquite,TX
Jesse,Lishchuk,Philadelphia,PA
Billy,Lister,"Cold Spring Harbor, N.Y.",NY
Jay,Litherland,Athens,GA
Broc,Little,Phoenix,AZ
Marilyn,Little,Frederick,MD
Shamier,Little,Chicago,IL
Alysa,Liu,Oakland ,CA
Calista,Liu,Fullerton,CA
Nastia,Liukin,Parker,TX
Carli,Lloyd,Delran,NJ
Ryan,Lochte,Daytona Beach,FL
Shavon,Lockhardt,White Plains,NY
Sarah,Lockman,"Murrieta, Calif. ",FL
Esther,Lofgren,Newport Beach ,CA
Devin,Logan,West Dover,VT
Elle,Logan,Boothbay Harbor,ME
Zachary,Lokken,Durango,CO
Zoe,Lombard,Belleair Bluffs,FL
Wil,London III,Waco,TX
Nicholas,Long,Lakeside,CA
Allie,Long,Northport,NY
Shawn,Long,Morgan City,LA
Amanda,Longan,Moorpark,CA
Ben,Loomis,Eau Claire,WI
Mariah,Lopez,Saugus,CA
Hannah,Lopez,Carlsbad,CA
Sebastiana,Lopez-Arellano,New Braunfels,TX
Amanda,Lorenz,Moorpark,CA
Khatuna,Lorig,West Hollywood,CA
Brandon,Loschiavo,Huntington Beach,CA
Brandon,Loschiavo,Huntington Beach,CA
Paul,Lotman,Lakewood,CA
Jeffrey,Louis,Houston,TX
Christina,Loukas,Riverwoods,IL
Kevin,Love,Santa Monica,CA
Paige,Lowary,Grimes,IA
Chaunté,Lowe,Riverside,CA
Caitlin,Lowe,Tustin,CA
Karsta,Lowe,Rancho Santa Fe,CA
Kyle,Lowry,Philadelphia,PA
Jewell,Loyd,Lincolnwood,IL
Nick,Lucena,Cooper City,FL
Grace,Luczak,Ann Arbor,MI
Natalie,Lugo,West Covina,CA
Carlos,Lujan,Orlando,FL
Jon,Lujan,Littleton,CO
Kamryn,Lute,New York,NY
Jacklyn,Luu,Milipitas,CA
Adrienne,Lyle,Wellington,FL
Noah,Lyles,Alexandria,VA
Ian,Lynch,Brooklyn Park,MN
Kelley,Lynch,Newnan,GA
Jaiden,Lynch,Newport Beach,CA
Brandon,Lyons,Mechanicsburg,PA
Lea,Ma,Dix Hills,NY
Micah,Ma'a,Kaneohe,HI
Heather,MaClean,Peabody,MA
Ian,MacDiarmid,Delray Beach,FL
Kiera,MacKenzie,Dixon,CA
Will,MacKinnon,Plymouth,MI
Catarina,Macario,Los Angeles,CA
Kyle,Mack,West Bloomfield,MI
Katherine,Mackey,Seattle,WA
Lauren,Macuga,Park City,UT
Kamran,Madani,Broomfield,CO
Sagen,Maddalena,Groveland ,CA
Beezie,Madden,Cazenovia,NY
Cicely,Madden,Weston,MA
Kareem,Maddox,Los Angeles,CA
Katlyn,Maddry,Wasilla,AK
Lexie,Madigan,Truckee,CA
Cheri,Madsen,Nebraska City,NE
Angela,Madsen,Long Beach,CA
Shannon,Maguire,Scituate,MA
Johnny,Mahe,Laie,HI
Ilona,Maher,Burlington,VT
Matt,Mahon,Chesterfield,MO
Ilia,Malinin,Vienna,VA
Jordan,Malloch,Seattle,WA
Russell,Malm,Mammoth Lakes,CA
Noah,Malone,Fishers,IN
Brody,Malone,Summerville,GA
Maggie,Malone-Hardin,Geneva,NE
Joe,Maloy,Wildwood Crest,NJ
Rosie,Mancari,Anchorage,AK
Julia,Mancuso,Palisades Tahoe,CA
Salif,Mane,Bronx,NY
Tricia,Mangan,Buffalo,NY
Holley,Mangold,Columbus,OH
Alyssa,Manley,Lititz,PA
John,Mann,Newport Beach,CA
Mark,Mann,Eden Prairie,MN
Strauss,Mann,Greenwich,CT
Becca,Mann,Baltimore,MD
Dana,Mann,Alexandria,VA
Staci,Mannella,Randolph,NJ
Christine,Mansour,Naples,FL
Simone,Manuel,Sugar Land,TX
Leo,Manzano,Austin,TX
Wiley,Maple,Aspen,CO
Cameron,Maramenides,Anna Maria,FL
Eric,Marcotte,Marquette,MI
Melanie,Margalis,Clearwater,FL
Carly,Margulies,Mammoth Lakes,CA
J. Dee,Marinko,Newcastle,OK
Elizabeth,Marks,Colorado Springs,CO
Helen,Maroulis,Rockville,MD
Elizabeth,Marsh,Searcy,AR
Justin,Marshall,Evansville,WI
Adrienne,Martelli,University Place,WA
Devin,Martin,Stevens,PA
Nico,Martin,Houston,TX
Jeffrey Scott,Martin,Colorado Springs,CO
Raymond,Martin,Jersey City,NJ
Boyd,Martin,Cochranville,PA
Erin,Martin,Seattle,WA
Ryan,Martin,Santa Barbara,CA
Hannah,Martin,Burnt Hills,NY
Justin,Martinez,Covina,CA
Valencio,Martinez,Pasadena,TX
Destinee,Martinez,Corona,CA
Letticia,Martinez,Las Cruces,NM
Brenda,Martinez,Big Bear Lake,CA
Nick,Martinez,Miami,FL
Gigi,Marvin,Warroad,MN
Brittni,Mason,Cleveland,OH
Eliana,Mason,Beaverton,OR
Sabrina,Massialas,South Bend,IN
Alexander,Massialas,San Francisco,CA
Oksana,Masters,Louisville,KY
Derek,Masterson,Placerville,CA
Maddie,Mastro,Wrightwood,CA
Jeff,Mata,Poway,CA
Courtney,Mathewson,Anaheim Hills,CA
Dana,Mathewson,San Diego,CA
Bethanie,Mattek-Sands,Phoenix,AZ
Jack,Matthews,Powell,OH
Mikaela,Matthews,Frisco,CO
Sam,Mattis,East Brunswick,NJ
Jordan,Matyas,Calgary,UT
Stephanie,Mavunga,Indianapolis,IN
William,May,Henderson,NV
Misty,May-Treanor,Los Angeles,CA
John,Mayer,Culver City,CA
Mikaela,Mayer,Los Angeles,CA
Nick,Mayhugh,Manassas,VA
Howard,"Mayo, Jr.",Roosevelt,NY
Chris,Mazdzer,Salt Lake City,NY
Sophie,McAfee,San Marino,CA
Charlie,McAvoy,Long Beach,NY
Seth,McBride,Juneau,AK
Omar,McBride,Apex,NC
Pat,McCaffery,North Liberty,IA
Grace,McCallum,Isanti,MN
Keaton,McCargo,Telluride,CO
John,McCarthy,Boston,MA
Remontay,McClain,Victorville,CA
Konnor,McClain,Las Vegas,NV
Chelsea,McClammer,Richland,WA
Haylie,McCleney,Morris,AL
Carson,McCorkle,Raleigh,NC
Francena,McCorory,Hampton,VA
Angel,McCoughtry,Baltimore,MD
Dan,McCoy,Cheswich,PA
Lee,McCoy,Carkesville,GA
Ruth Anne,McCranie,Moultrie,GA
Nick,McCrory,Chapel Hill,NC
Conor,McCullough,Canoga Park,CA
James,McCullough,"Philadelphia, Penn. ",PA
Riley,McCusker,Brielle,NJ
Conor,McDermott-Mostowy,Washington,DC
Curtis,McDowald,Jamaica,NY
Kevin,McDowell,Colorado Springs,CO
Kaitlyn,McElroy,Bethel,ME
