city,state,latitude,longitude
Abilene,TX,32.4503,-99.7331
Abington,PA,40.1109,-75.1107
Adamstown,MD,39.3248,-77.4986
Addison,IL,41.9303,-88.0095
Afton,MN,44.9008,-92.7755
Agoura Hills,CA,34.1533,-118.7612
Aiea,HI,21.3875,-157.9308
Aiken,SC,33.5604,-81.7208
Akron,OH,41.0814,-81.5190
Alameda,CA,37.7652,-122.2416
Alamo,CA,37.8466,-122.0316
Albany,CA,37.8868,-122.2977
Albany,NY,42.6526,-73.7562
Albertville,MN,45.2105,-93.6822
Albuquerque,NM,35.0844,-106.6504
Alexandria,MN,45.8891,-95.3809
Alexandria,VA,38.8048,-77.0469
Algonquinn,IL,42.1667,-88.2840
Alhambra,CA,34.0953,-118.1278
Aliquippa,PA,40.5917,-80.2706
Aliso Viejo,CA,33.5670,-117.7256
Allegany,NY,42.0795,-78.4842
Allendale,MI,42.9600,-85.9400
Allentown,PA,40.6084,-75.4902
Alliance,NE,42.1094,-102.8049
Alpharetta,GA,34.0753,-84.2978
Alpine,UT,40.4666,-111.7702
Alpine Meadows,CA,39.1760,-120.2399
Alta,WY,43.7500,-111.0000
Alta Loma,CA,34.1489,-117.6189
Altadena,CA,34.1894,-118.1337
Amery,WI,45.3136,-92.3666
Ames,IA,42.0347,-93.6199
Amherst,MA,42.3732,-72.5199
Amityville,NY,40.6793,-73.4165
Anaheim,CA,33.8366,-117.9143
Anaheim Hills,CA,33.8706,-117.7567
Anchorage,AK,61.2181,-149.9003
Anderson,CA,40.4571,-122.3061
Andover,MA,42.6584,-71.1356
Andover,MN,45.2344,-93.2977
Andover,NH,43.4151,-71.8606
Ann Arbor,MI,42.2808,-83.743
Anna Maria,FL,27.5253,-82.7398
Annandale,VA,38.834,-77.1997
Annapolis,MD,38.9784,-76.4922
Anniston,AL,33.6596,-85.8375
Ansonia,CT,41.3404,-73.079
Antioch,CA,37.9958,-121.9708
Apex,NC,35.7315,-78.85
Apollo Beach,FL,27.7606,-82.4009
Apopka,FL,28.6775,-81.5112
Apple Valley,CA,34.5,-117.19
Appleton,WI,44.2619,-88.415
Arcadia,CA,34.1397,-118.0353
Arden Hills,MN,45.0594,-93.1519
Ardmore,OK,34.1732,-97.1306
Arlington,MA,42.4168,-71.1562
Arlington,TN,35.2606,-89.667
Arlington,TX,32.7357,-97.1081
Arlington,VA,38.8810,-77.0940
Arlington,WA,48.1709,-122.1287
Arnold,MD,39.0207,-76.5097
Arroyo Grande,CA,35.1208,-120.5857
Arvada,CO,39.8028,-105.0875
Ashburn,VA,39.0062,-77.4875
Asheville,NC,35.5951,-82.5515
Ashland,OR,42.1940,-122.7094
Aspen,CO,39.1911,-106.8175
Athens,GA,33.9519,-83.3576
Athens,TX,32.1979,-95.8541
Atherton,CA,37.4616,-122.2008
Atlanta,GA,33.7488,-84.3877
Atlantic Beach,FL,30.3347,-81.3912
Atlantic Highlands,NJ,40.4304,-74.0385
Auburn,AL,32.6099,-85.4808
Auburn,CA,38.9332,-121.0761
Auburn,IN,41.3620,-85.0572
Auburn,WA,47.3076,-122.2287
Audubon,PA,40.1087,-75.4485
Aurora,CO,39.7294,-104.8319
Aurora,IL,41.7598,-88.3006
Aurora,OR,45.2287,-122.7404
Austin,TX,30.2672,-97.7431
Avenel,NJ,40.5734,-74.2882
Avon,CT,41.8084,-72.8426
Avondale,AZ,33.4353,-112.3488
Bagdad,FL,30.5644,-87.0508
Bainbridge,GA,30.9035,-84.5755
Bakersfield,CA,35.3733,-119.0187
Baltimore,MD,39.2904,-76.6122
Baltimore,"Md., MD",39.2904,-76.6122
Barrington,IL,42.1536,-88.1362
Barrington,RI,41.7276,-71.3006
Barron,WI,45.4055,-91.8535
Bartlett,IL,41.9964,-88.1906
Basalt,CO,39.3686,-107.0345
Basking Ridge,NJ,40.7026,-74.5563
Baton Rouge,LA,30.4515,-91.1871
Battle Ground,WA,45.7837,-122.5326
Bay City,MI,43.5945,-83.8886
Bayside,NY,40.7698,-73.7749
Beaufort,NC,34.7196,-76.6633
Beaumont,IN,38.0,-86.6
Beaverton,OR,45.4874,-122.8035
Bedford,NH,42.9606,-71.5167
Bel Air,MD,39.5376,-76.3527
Belgrade,MT,45.7749,-111.1777
Belle Mead,NJ,40.4637,-74.6546
Belleair Beach,FL,27.91,-82.8256
Belleair Bluffs,FL,27.9139,-82.8098
Belleville,IL,38.5206,-89.9834
Belleville,WI,42.8906,-89.539
Bellevue,WA,47.6104,-122.199
Bellflower,CA,33.8806,-118.117
Bellingham,WA,48.7594,-122.4787
Belmont,CA,37.5205,-122.275
Belmont,MA,42.3965,-71.1812
Bemidji,MN,47.4722,-94.8808
Bend,OR,44.0582,-121.3153
Bensalem,PA,40.0937,-74.9307
Benton,PA,41.2295,-76.2977
Berkeley,CA,37.8715,-122.2730
Berlin,NJ,39.7826,-74.9396
Bethel,ME,44.4090,-70.7956
Bethesda,MD,38.9847,-77.0947
Bethlehem,CT,41.6265,-73.2087
Bethlehem,PA,40.6251,-75.3700
Beverly Hills,MI,42.5403,-83.2427
Bexley,OH,39.9670,-82.9307
Big Bear Lake,CA,34.2436,-116.9114
Big Bend,WI,42.8906,-88.2209
Billings,MT,45.7832,-108.5007
Birmingham,AL,33.5207,-86.8025
Bismarck,ND,46.8083,-100.7837
Blacklick,OH,40.0389,-82.8099
Blaine,MN,45.1608,-93.2291
Blandon,PA,40.4412,-75.8949
Bloomfield Hills,MI,42.5878,-83.2644
Bloomfield Township,MI,42.6003,-83.3002
Bloomington,IN,39.1653,-86.5264
Bloomington,MN,44.8404,-93.3122
Blue Bell,PA,40.1487,-75.2707
Boca Raton,FL,26.3587,-80.1013
Boise,ID,43.6150,-116.2023
Boody,IL,39.7553,-89.0065
Boonton,NJ,40.8987,-74.4179
Boothbay Harbor,ME,43.8509,-69.6267
Boring,OR,45.4354,-122.3809
Bossier City,LA,32.5185,-93.7324
Boston,MA,42.3601,-71.0589
Boulder,CO,40.0150,-105.2705
Boulder City,NV,35.9786,-114.8325
Boulder Creek,CA,37.1147,-122.1197
Bountiful,UT,40.8902,-111.8805
Bowling Green,MO,39.3403,-91.1965
Boynton Beach,FL,26.5245,-80.0667
Bozeman,MT,45.6770,-111.0429
Bradenton,FL,27.4989,-82.5748
Brandon,FL,27.9378,-82.2856
Brea,CA,33.9167,-117.9000
Breckenridge,CO,39.4817,-106.0384
Bremerton,WA,47.5675,-122.6336
Brentwood,CA,37.9316,-121.7002
Brewster,NY,41.3954,-73.6187
Briarcliff Manor,NY,41.1509,-73.8304
Bridgeport,NE,41.6764,-103.1066
Bridgewater,NJ,40.5901,-74.6346
Brielle,NJ,40.1165,-74.0496
Brighton,CO,40.0389,-104.8044
Brighton,MA,42.3482,-71.1465
Bristol,TN,36.5957,-82.1887
Broadview Heights,OH,41.3117,-81.6493
Brockport,NY,43.2167,-77.9333
Bronx,NY,40.8448,-73.8648
Brookeville,MD,39.1765,-77.0508
Brookfield,CT,41.4726,-73.4107
Brookfield,WI,43.0500,-88.1000
Brooklyn,NY,40.6782,-73.9442
Brooklyn Heights,OH,41.4206,-81.6493
Brooklyn Park,MN,45.0833,-93.35
Broomall,PA,39.9833,-75.3667
Broomfield,CO,39.92,-105.086
Brown Mills,NJ,40.0,-74.6333
Brownsburg,IN,39.8436,-86.3986
Bryn Mawr,PA,40.0264,-75.3139
Bryson City,NC,35.4289,-83.4497
Buchanan,MI,41.8361,-86.3597
Buffalo,NY,42.8803,-78.8786
Buffalo Grove,IL,42.1667,-87.9667
Buford,GA,34.1189,-83.99
Burke,VA,38.7889,-77.2806
Burlington,MA,42.5,-71.19
Burlington,NC,36.095,-79.4361
Burlington,VT,44.4758,-73.2122
Burnsville,MN,44.7667,-93.2833
Burnt Hills,NY,42.9,-73.9
"Butler, Pa.",PA,40.87,-79.89
Butte,MT,46.0,-112.5333
Byhalia,TN,,
Cabot,AR,34.9667,-92.0167
Cairo,GA,30.8767,-84.2033
Caldwell,TX,30.31,-96.69
Caledonia,MI,42.7833,-85.55
Calgary,CA,51.0447,-114.0719
Calgary,UT,,
Camarillo,CA,34.2167,-119.0333
Cambridge,MA,42.3736,-71.1097
Camillus,NY,43.04,-76.28
Campbell,CA,37.2872,-121.9494
Campton,NH,43.8584,-71.7006
Campton Hills,IL,41.9545,-88.4206
Canby,OR,45.2618,-122.6926
Canoga Park,CA,34.2078,-118.6009
Canton,MI,42.3064,-83.4866
Canton,NY,44.6006,-75.1727
Canton,OH,40.8136,-81.3752
Cape Coral,FL,26.5628,-81.9498
Cape Elizabeth,ME,43.567,-70.2039
Carkesville,GA,34.6176,-83.526
Carlinville,IL,39.2803,-89.8737
Carlsbad,CA,33.1581,-117.3506
Carmel,CA,36.555,-121.9233
Carmel,IN,39.9781,-86.1142
Carnelian Bay,CA,39.1896,-120.0899
Caro,MI,43.4886,-83.4005
Carpentersville,IL,42.1,-88.26
Carrabassett Valley,ME,45.0939,-70.3061
Carrollton,TX,33.0007,-96.8908
Carson,CA,33.8314,-118.2706
Carson City,NV,39.1638,-119.7661
Cartersville,GA,34.1668,-84.7938
Carthage,MO,37.1895,-94.3061
Cary,IL,42.1806,-88.2456
Cary,NC,35.791,-78.781
Cashmere,WA,47.5126,-120.4687
Casper,WY,42.8667,-106.3131
Castaic,CA,34.4989,-118.6259
Castalia,OH,41.4006,-82.8355
Castle Pines,CO,39.45,-104.87
Cazenovia,NY,42.9256,-75.8585
Cedar Grove,WI,43.6069,-87.8487
Cedarburg,WI,43.3939,-87.9937
Celina,OH,40.4806,-84.5794
Centennial,CO,39.5844,-104.8778
Center Conway,NH,44.0084,-71.0967
Ceres,CA,37.5949,-120.9577
Cerritos,CA,33.8583,-118.0778
Chaffee County,CO,,
Chagrin Falls,OH,41.4306,-81.3936
"Chagrin Falls, Ohio",FL,,
Chambersburg,PA,39.9376,-77.6608
Champaign,IL,40.1164,-88.2434
Chandler,AZ,33.3062,-111.8413
Chanhassen,MN,44.8594,-93.5591
Chantilly,VA,38.9093,-77.4369
Chapel Hill,NC,35.9132,-79.0558
Chappaqua,NY,41.1695,-73.7854
Charleston,SC,32.7765,-79.9311
Charlotte,NC,35.2271,-80.8431
Chatham,IL,39.6556,-89.7126
Chatham,NJ,40.7307,-74.3863
Chattanooga,TN,35.0456,-85.3097
Cheektowaga,NY,42.9006,-78.7503
Cheney,WA,47.4863,-117.5799
Cherry Hill,NJ,39.9454,-75.0102
Chesapeake,VA,36.7654,-76.2875
Chester Springs,PA,40.0765,-75.7005
Chesterfield,MO,38.6514,-90.5793
Chesterfield,NH,42.8987,-72.4495
Chesterton,IN,41.6192,-87.0506
Cheswich,PA,40.5706,-79.8092
Chevy Chase,MD,38.9832,-77.0571
Chicago,IL,41.8781,-87.6298
Chicago,WI,,
Chicago Heights,IL,41.5003,-87.6403
Chico,CA,39.7285,-121.8375
Chino,CA,34.0133,-117.6889
Chino Hills,CA,33.9995,-117.7667
Chisholm,MN,47.4916,-92.9038
Chula Vista,CA,32.6401,-117.0841
Cincinnati,OH,39.1031,-84.512
Cinnaminson,NJ,40.0037,-75.0207
Claremont,CA,34.0961,-117.7195
Clarkesville,GA,34.6165,-83.5238
Clarksville,MD,39.1915,-76.9608
Clayton,CA,37.9466,-121.933
Clayton,NC,35.6507,-78.4575
Clearwater,FL,27.9659,-82.8001
Clemson,SC,34.6834,-82.837
Clermont,FL,28.5608,-81.7834
Cleveland,OH,41.4993,-81.6944
Cleveland,TN,35.157,-84.8766
Cleveland Heights,OH,41.5095,-81.579
Clifton,NJ,40.8584,-74.1632
Clovis,CA,36.8252,-119.7025
Cochranville,PA,39.8498,-75.9288
Cohoes,NY,42.7876,-73.7001
Cold Spring Harbor,"N.Y., NY",40.8759,-73.4765
Coleman,WI,45.0744,-88.0209
College Station,TX,30.627977,-96.334479
Colleyville,TX,32.925956,-97.147514
Colorado Springs,CO,38.833882,-104.821363
Colorado Springs,"Colo., SC",,
Colts Neck,NJ,40.320668,-74.159035
Columbia,CT,41.679268,-72.290085
Columbia,SC,34.00071,-81.034814
Columbus,GA,32.460989,-84.912006
Columbus,OH,39.961176,-82.998794
Columbus,WI,43.339433,-89.020946
Commack,NY,40.856762,-73.262619
Commerce,MI,42.560038,-83.47966
Commerce Township,MI,42.57947,-83.49021
Compton,CA,33.89626,-118.22507
Concord,CA,37.97797,-122.03107
Concord,MA,42.46092,-71.35339
Conover,NC,35.73624,-81.20064
Conroe,TX,30.39104,-95.45605
Conyers,GA,33.60011,-84.01852
Cooper City,FL,26.02037,-80.2806
Coopersburg,PA,40.50038,-75.39074
Coppell,TX,32.96095,-96.99057
Coral Springs,FL,26.27147,-80.2706
Coralville,IA,41.68056,-91.59045
Coraopolis,PA,40.50979,-80.15061
Cornell University,NY,42.4473,-76.4839
Cornona,CA,,
Corona,CA,33.87529,-117.56672
Corona Del Mar,CA,33.59002,-117.87006
Coronado,CA,32.6865,-117.1737
Corsicana,TX,32.0887,-96.4686
Corvallis,MT,46.3685,-114.0957
Corvallis,OR,44.5646,-123.2620
Costa Mesa,CA,33.6415,-117.9112
Coteau,LA,29.9860,-91.8026
Cottage Grove,WI,43.0808,-89.2040
Cottonwood Heights,UT,40.6080,-111.8288
Council Bluffs,IA,41.2586,-95.8614
Covina,CA,34.0917,-117.8906
Covington,GA,33.5962,-83.8605
Craftsbury,VT,44.6473,-72.3409
Cranford,NJ,40.6543,-74.2935
Cranston,RI,41.7859,-71.4395
Crested Butte,CO,38.8694,-106.9870
Crofton,KY,37.0092,-87.4097
Crystal Lake,IL,42.2325,-88.3245
Culver City,CA,34.0170,-118.3965
Cupertino,CA,37.3230,-122.0322
Cypress,CA,33.8158,-118.0367
Cypress,TX,29.9708,-95.6805
Cypress Falls,TX,29.9392,-95.6322
Dacula,GA,33.9876,-83.8499
Dallas,TX,32.7767,-96.7970
Dana Point,CA,33.4667,-117.6970
Dane,WI,43.2500,-89.4700
Danvers,MA,42.5765,-70.9320
Danville,CA,37.8216,-121.9994
Danville,IN,39.7645,-86.5242
Darby,PA,39.9212,-75.2538
Darien,CT,41.0765,-73.4804
Darlington,WI,42.8547,-90.114
Darnestown,MD,39.1068,-77.2797
Davenport,IA,41.5236,-90.5775
Davie,FL,26.0798,-80.252
Davis,CA,38.5449,-121.7405
Dayton,OH,39.7589,-84.1916
Daytona Beach,FL,29.2108,-81.0275
DeForest,WI,43.2425,-89.3401
Del Mar,CA,32.9595,-117.2656
Delafield,WI,43.0578,-88.4009
Deland,FL,29.0286,-81.3028
Delano,MN,45.0408,-93.7919
Delcambre,LA,29.9705,-91.9804
Delran,NJ,40.0165,-74.981
Delray Beach,FL,26.4615,-80.0728
Deming,NM,32.2684,-107.757
Denton,TX,33.2148,-97.1331
Denver,CO,39.7392,-104.9903
Denver,PA,40.2376,-76.1266
Des Moines,IA,41.6005,-93.6091
Des Plaines,IL,42.0334,-87.8895
Desert Hot Springs,CA,33.95,-116.5
Detroit,MI,42.3314,-83.0458
"Detroit, Mich.",MI,42.3314,-83.0458
Dexter,MI,42.3314,-83.9786
Diamond Bar,CA,34.0289,-117.8106
Dillon,SC,34.4179,-79.3706
Dix Hills,NY,40.7998,-73.3601
Dixon,CA,38.4457,-121.823
Dothan,AL,31.2232,-85.3905
Douglassville,TX,33.2087,-94.2088
Douglasville,GA,33.7501,-84.7477
Dousman,WI,43.0039,-88.4984
Dover,MA,42.2404,-71.2406
Dover,NH,43.1987,-70.8745
Dover,OH,40.5187,-81.4987
Dover,VT,42.9265,-72.7876
Downers Grove,IL,41.7906,-88.0106
Doylestown,PA,40.3126,-75.1285
Dublin,CA,37.7022,-121.9358
Dublin,TX,32.0835,-98.3406
Dubuque,IA,42.5003,-90.6646
Duluth,MN,46.7867,-92.1005
Dumfries,VA,38.599,-77.3208
Duncanville,TX,32.6401,-96.9064
Dunellen,NJ,40.5926,-74.4504
Dunwoody,GA,33.9457,-84.3305
Durango,CO,37.2753,-107.8801
Durham,NC,35.994,-78.8986
Eagan,MN,44.8047,-93.1677
Eagle,CO,39.6555,-106.8295
Eagle Lake,FL,27.9714,-81.7584
Eagle Mountain,UT,40.3294,-112.0002
Eagle River,AK,61.5908,-149.5708
Eagleville,PA,40.1765,-75.4338
East Aurora,NY,42.7667,-78.6267
East Brunswick,NJ,40.4076,-74.4107
East Montpelier,VT,44.2906,-72.4637
East Moriches,NY,40.8065,-72.7487
East Northport,NY,40.8759,-73.3276
East Palo Alto,CA,37.4749,-122.1472
East Syracuse,NY,43.0673,-76.0666
East Troy,WI,42.7889,-88.4009
Easthampton,MA,42.2709,-72.6904
Easton,MA,42.0676,-71.1045
Eastvale,CA,33.9317,-117.5695
Eatonton,GA,33.3187,-83.3896
Eau Claire,WI,44.8113,-91.4985
Eclectic,AL,32.6457,-86.0075
Eden Prairie,MN,44.8544,-93.4677
Edina,MN,44.8986,-93.3502
Edison,NJ,40.5187,-74.4121
Edmond,OK,35.6528,-97.4785
Edmonds,WA,47.8109,-122.3771
Edmore,ND,48.4075,-98.2098
Edwards,CO,39.6403,-106.5920
"Edwards, Colo.",CO,39.6403,-106.5920
El Dorado Hills,CA,38.6824,-121.0841
El Monte,CA,34.0689,-118.0278
El Paso,TX,31.7619,-106.4850
El Toro,CA,33.6406,-117.6992
Elk Grove,CA,38.4088,-121.3752
Elk River,MN,45.3086,-93.5672
Elkhart,IN,41.6814,-85.9750
Elkins,WV,38.9262,-79.8503
Ellenton,FL,27.5306,-82.5290
Ellicott City,MD,39.2737,-76.7972
Elmhurst,NY,40.7387,-73.8829
Elmira,NY,42.0895,-76.8077
Elmore,VT,44.5670,-72.4837
Elwood,IN,40.2792,-85.8408
Elysian,MN,44.2097,-93.7080
Emmaus,PA,40.5365,-75.4927
Encinitas,CA,33.0360,-117.2920
Enfield,CT,41.9723,-72.5904
Englewood,NJ,40.8904,-73.9779
Erie,CO,40.0389,-105.0500
Erie,PA,42.1292,-80.0851
Escondido,CA,33.1191,-117.0864
Estero,FL,26.4381,-81.8090
Eugene,OR,44.0521,-123.0868
Eustis,FL,28.8500,-81.6800
Eustis,NE,40.6783,-99.7087
Evansville,IN,37.9748,-87.5558
Evansville,WI,42.7900,-89.2900
Eveleth,MN,47.4500,-92.5300
Everett,WA,47.9793,-122.2021
Evergreen,CO,39.6375,-105.3144
Evergreen Park,IL,41.7200,-87.7000
Excelsior,MN,44.9000,-93.5600
Fair Haven,NJ,40.3700,-74.0400
Fair Lawn,NJ,40.9300,-74.1200
Fairbanks,AK,64.8378,-147.7164
Fairdale,ND,48.4900,-98.1200
Fairfax,MO,40.3700,-95.3900
Fairfax,VA,38.8462,-77.3064
Fairfield,CT,41.1400,-73.2600
Fairmont,WV,39.4800,-80.1400
Fairplay,CO,39.2200,-105.9900
Fairpoint,NY,43.1000,-77.4500
Fairview Park,OH,41.4367,-81.8596
Fallbrook,CA,33.3742,-117.2475
Falmouth,ME,43.7362,-70.2456
Fargo,ND,46.8772,-96.7898
Farmington,MN,44.6475,-93.1499
Farmington,NM,36.7281,-108.1962
Farmington Hills,MI,42.4806,-83.3769
Fayetteville,AR,36.0626,-94.1575
Fayetteville,GA,33.4487,-84.4502
Fayetteville,NC,35.0527,-78.8784
Fayetteville,NY,43.0298,-76.0002
Fayettville,GA,33.4487,-84.4502
Fenton,MI,42.7967,-83.7036
Ferndale,WA,48.8498,-122.6004
"Ferndale, Wash.",WA,48.8498,-122.6004
Festus,MO,38.2123,-90.3957
Fishers,IN,40.0003,-86.0147
Flagstaff,AZ,35.1983,-111.6513
Flint,MI,43.0121,-83.6875
Flint,TX,32.2035,-95.328
Florence,MS,32.1485,-90.0915
Florence,NJ,40.1065,-74.8329
Florence,WI,45.9227,-88.2618
Florissant,MO,38.7956,-90.3254
Flushing,MI,43.0567,-83.8472
Folsom,CA,38.6796,-121.1764
Fond du Lac,WI,43.7875,-88.4487
Fort Collins,CO,40.5853,-105.0844
Fort Fairfield,ME,46.7645,-67.8395
Fort Kent,ME,47.2595,-68.5906
Fort Lauderdale,FL,26.1224,-80.1373
Fort Mill,SC,35.0049,-80.9456
Fort Pierce,FL,27.4467,-80.3256
Fort Sill,OK,34.6767,-98.3906
Fort Wayne,IN,41.0793,-85.1394
Fort Worth,TX,32.7555,-97.3308
Fortson,GA,32.6079,-84.8705
Fountain Hills,AZ,33.6003,-111.7204
Fountain Valley,CA,33.7086,-117.9537
Fowler,CO,38.0997,-104.0155
Fowler,IN,40.627,-87.3306
Fowlerville,MI,42.6392,-83.918
Fox River Grove,IL,42.2036,-88.209
Foxborough,MA,42.0676,-71.234
Franconia,NH,44.1606,-71.7534
Franklin,MA,42.0945,-71.4028
Franklin,WI,42.8903,-88.0076
Franklin Lakes,NJ,41.0065,-74.2057
"Franklinville, N.J.",NJ,39.6304,-75.0507
Frederick,MD,39.4143,-77.4103
Fredericksburg,VA,38.3032,-77.4605
Fredonia,NY,42.4423,-79.3395
Freehold,NJ,40.1748,-74.2779
Freeport,IL,42.2964,-89.6307
Fremont,CA,37.5483,-121.9886
Fremont,IN,41.727,-85.0069
Fremont,OH,41.352,-83.1199
Fresno,CA,36.7378,-119.7871
Frisco,CO,39.5736,-106.095
Ft. Mitchell,KY,39.0206,-84.5694
Fullerton,CA,33.8704,-117.9243
Gadsden,AL,34.014,-86.0069
Gainesville,FL,29.6516,-82.3248
Gainesville,GA,34.2979,-83.8241
Gainsville,GA,34.2979,-83.8241
Gallatin,TN,36.3881,-86.4472
Garden City,NY,40.7262,-73.6346
Garden Grove,CA,33.773,-117.9375
Gardner,KS,38.81,-94.9275
Gardnerville,NV,38.9499,-119.7435
Garfield,NJ,40.8804,-74.1085
Garland,TX,32.9126,-96.6419
Gaylord,MI,45.0278,-84.67
Geneva,IL,41.9,-88.3
Geneva,NE,40.52,-97.59
Georgetown,KY,38.2092,-84.5583
Germantown,TN,35.0976,-89.782
Germantown,WI,43.23,-88.1
Gibsonia,PA,40.63,-79.96
Gig Harbor,WA,47.3234,-122.5815
Gilbert,AZ,33.3528,-111.789
"Gilbert, Ariz.",AZ,33.3528,-111.789
Gilbertsville,PA,40.32,-75.64
Gilford,NH,43.58,-71.36
Gilroy,CA,37.0052,-121.5688
Glastonbury,CT,41.7,-72.6
Glen Ellyn,IL,41.87,-88.06
Glendale,AZ,33.538,-112.1861
Glendale,NY,40.7,-73.89
Glenn Heights,TX,32.53,-96.8
Glennville,GA,31.93576,-81.92456
Glenview,IL,42.07642,-87.80062
Glenwood,NJ,41.20648,-74.49821
Golden,CO,39.75554,-105.22110
Gonzales,TX,29.50051,-97.45082
Gordonsville,VA,38.09375,-78.19695
Grafton,MA,42.20704,-71.68896
Graham,OH,40.09060,-83.92610
Grain Valley,MO,39.01195,-94.20078
Granbury,TX,32.44375,-97.79058
Grand Forks,ND,47.92526,-97.03285
Grand Haven,MI,43.06363,-86.22839
Grand Prairie,TX,32.74096,-97.01417
Grand Rapids,MI,42.96336,-85.66809
Grand Rapids,MN,47.22855,-93.53522
"Grand Rapids, Mich.",MI,42.96336,-85.66809
Granger,IN,41.73755,-86.10306
Granite Bay,CA,38.73656,-121.17606
Grant,MN,45.04052,-92.89577
Grass Valley,CA,39.21906,-121.05801
Gray Summit,MO,38.50838,-90.77874
Grayslake,IL,42.34863,-88.00674
Grayson,KY,38.23897,-82.93073
Great Neck,NY,40.79260,-73.73096
Green Bay,WI,44.51916,-88.01983
Green Brook,NJ,40.59455,-74.50293
Green Cove Springs,FL,29.99024,-81.67842
Green Lane,PA,40.38094,-75.48935
Greensboro,NC,36.07264,-79.79197
Greensburg,PA,40.29563,-79.54504
Greenville,SC,34.8526,-82.3940
Greenwich,CT,41.0266,-73.6283
Greenwood,IN,39.6139,-86.1069
Greenwood Village,CO,39.6172,-104.9000
Gresham,OR,45.5001,-122.4334
Grimes,IA,41.6775,-93.7849
Grinnell,IA,41.7436,-92.7238
Grosse Pointe Park,MI,42.3789,-82.9277
Grosse Pointe Woods,MI,42.4317,-82.9099
Groveland,CA,37.8399,-120.2399
Guaynabo,CA,,
Guilford,CT,41.2834,-72.6815
Gulfport,MS,30.3674,-89.0717
Gurnee,IL,42.3736,-87.9356
Hackettstown,NJ,40.8565,-74.9307
Haddonfield,NJ,39.8979,-75.0307
Haiku,HI,20.9167,-156.3333
Haleiwa,HI,21.5947,-158.1036
Hamilton,OH,39.3995,-84.5616
Hampton,GA,33.3907,-84.2907
Hampton,VA,37.0293,-76.3452
Hampton Falls,NH,42.9237,-70.8995
Hanover,NH,43.6995,-72.2887
Hanson,MA,42.0793,-70.8756
Harbor Springs,MI,45.4314,-84.9920
Harding,PA,41.3756,-75.8902
Harrisburg,PA,40.2732,-76.8867
Harselle,AL,,
Hart,MI,43.6867,-86.3778
Hatfield,PA,40.2995,-75.3807
Hauula,HI,21.6069,-157.9175
Haverville,MA,42.7765,-71.0778
Haymarket,VA,38.814,-77.6397
Hayward,CA,37.6688,-122.0808
Heber City,UT,40.508,-111.4127
Henderson,NV,36.0396,-114.9817
Henrico,VA,37.5696,-77.3597
Hermosa Beach,CA,33.8622,-118.4006
Hernando,MS,34.8298,-89.9926
Herndon,VA,38.9696,-77.3869
Herriman,UT,40.5099,-112.0002
Hershey,PA,40.2806,-76.6575
Hesperia,CA,34.4258,-117.3017
Hialeah,FL,25.8584,-80.2787
Highland,CA,34.1289,-117.2092
Highland Park,IL,42.1834,-87.8006
Highland Village,TX,33.0954,-97.0097
Highlands Ranch,CO,39.5594,-104.9694
Hilliard,OH,40.0306,-83.1416
Hillsborough,NJ,40.4709,-74.6307
Hillsgrove,PA,41.4684,-76.6005
Hinesburg,VT,44.3298,-73.0854
Hingham,MA,42.2357,-70.8892
"Hinsdale, Ill.",IL,41.8028,-87.9284
Hobbs,NM,32.7001,-103.1402
Hollis,NH,42.7565,-71.5973
Holly Springs,NC,35.6543,-78.8306
Homestead,FL,25.4684,-80.4778
Homewood,AL,33.479,-86.8
Hong Kong,CA,22.3193,114.1694
Honolulu,HI,21.3069,-157.8583
Hooper,NE,41.6914,-96.4764
Hopewell,VA,37.2960,-77.2969
Hopewell Junction,NY,41.5834,-73.7801
Hopkins,MN,44.9250,-93.3908
Hopkinton,MA,42.2245,-71.5245
Hoschton,GA,34.0954,-83.7510
Houston,TX,29.7604,-95.3698
Houston,"Texas, TX",29.7604,-95.3698
Hudson,FL,28.3597,-82.6843
Humble,TX,29.9947,-95.2677
Huntersville,NC,35.4107,-80.8406
Huntington,IN,40.8834,-85.4950
Huntington Beach,CA,33.6902,-118.0074
Huntington Beach,"Calif., CA",33.6902,-118.0074
Huntington Station,NY,40.8509,-73.4068
Huntingtown,MD,38.6015,-76.5705
Huntsville,AL,34.7304,-86.5861
Huron,OH,41.3934,-82.5685
Hutchinson,MN,45.0500,-94.3750
Idalou,TX,33.6467,-101.7007
Incline Village,NV,39.2449,-119.9502
Indian Harbour Beach,FL,28.1578,-80.6006
Indianapolis,IN,39.7684,-86.1581
Indianapolis,"Ind., IN",39.7684,-86.1581
Inglewood,CA,33.9616,-118.3532
Inver Grove Heights,MN,44.8475,-93.0408
Inverness,FL,28.8347,-82.3334
Irmo,SC,34.0885,-81.1895
Iron River,MI,46.0899,-88.6418
Ironton,MO,37.6167,-90.6250
Irvine,CA,33.6846,-117.8265
Irwin,PA,40.3201,-79.6295
Isanti,MN,45.5297,-93.3380
Isla Vista,CA,34.4128,-119.8604
Itasca,IL,41.9653,-88.0095
Jackson,MI,42.2450,-84.4000
Jackson,NH,44.1284,-71.2006
Jackson,WY,43.4799,-110.7624
Jackson Hole,WY,43.5833,-110.6667
Jacksonsville,FL,30.3322,-81.6557
Jacksonville,FL,30.3322,-81.6557
Jamaica,NY,40.6900,-73.8000
Jamestown,OH,39.6767,-83.7400
Jamestown,RI,41.4959,-71.3806
Jasper,GA,34.4784,-84.4377
Jericho,VT,44.5000,-72.9500
Jersey City,NJ,40.7282,-74.0776
Johns Creek,GA,34.0259,-84.2097
"Johnsonburg, Pa.",PA,41.4956,-78.6800
Johnstown,PA,40.3265,-78.9214
Jordan,MN,44.6400,-93.9200
Juneau,AK,58.3019,-134.4197
Jupiter,FL,26.9333,-80.1000
Jupiter Beach,FL,26.9400,-80.0700
Kahuku,HI,21.6736,-157.9200
Kailua,HI,21.4022,-157.7394
Kaneohe,HI,21.4000,-157.8000
Kannapolis,NC,35.4800,-80.6200
Kansas City,KS,39.1141,-94.6275
Kansas City,MO,39.0997,-94.5786
Katy,TX,29.7858,-95.8247
Kaukauna,WI,44.2797,-88.2776
Kaysville,UT,41.0397,-111.9405
Keene,NY,44.2056,-73.7876
Keller,TX,32.9401,-97.2347
Kenai,AK,60.5544,-151.2583
"Kenai, Alaska",AK,60.5544,-151.2583
Kennesaw,GA,34.0232,-84.6155
Kennett Square,PA,39.8473,-75.7105
Kent,WA,47.3807,-122.2343
Kentfield,CA,37.9549,-122.5505
Kerrville,TX,30.0466,-99.1406
Killeen,TX,31.1177,-97.7278
"Killeen, Texas",TX,31.1177,-97.7278
Killington,VT,43.6656,-72.7798
Kimball,MN,45.3094,-94.2308
King George,VA,38.2996,-77.1997
Kingsbury,CA,36.4883,-119.5565
Kingston,PA,41.2595,-75.8955
Kirkland,WA,47.6763,-122.2057
Kissimmee,FL,28.2919,-81.4079
Knightdale,NC,35.7896,-78.4975
Knoxville,TN,35.9606,-83.9207
Kokomo,IN,40.4864,-86.1336
La Canada,CA,34.2083,-118.2078
La Canada Flintridge,CA,34.2083,-118.2078
La Grange,IL,41.8106,-87.8784
La Jolla,CA,32.8328,-117.271
La Mirada,CA,33.9106,-118.0106
La Vergne,TN,35.9834,-86.5833
LaCrosse,WI,43.8041,-91.2315
LaPorte,TX,29.6644,-95.0355
Ladera Ranch,CA,33.5939,-117.6206
Lafayette,CA,37.8938,-122.1197
Lafayette,IN,40.4168,-86.8753
Laguna Beach,CA,33.542,-117.783
Laguna Niguel,CA,33.5903,-117.707
Laie,HI,21.6472,-157.9222
Lake Butler,FL,30.0249,-82.1901
Lake City,MN,44.4497,-92.2707
Lake Clear,NY,44.3206,-74.2007
Lake Elmo,MN,45.0205,-92.8805
Lake Forest,CA,33.6406,-117.6892
Lake Forest,IL,42.2606,-87.9256
Lake Panasoffkee,FL,28.8,-82.15
Lake Placid,NY,44.279,-73.9794
Lake St. Louis,MO,38.7967,-90.7708
Lake Stevens,WA,48.0084,-122.0865
Lake Villa,IL,42.4086,-88.0776
Lake Wales,FL,27.9,-81.5833
Lakeland,FL,28.0395,-81.9498
Lakeside,CA,32.8584,-116.92
Lakeville,MN,44.6488,-93.2422
Lakewood,CA,33.85,-118.1167
Lakewood,CO,39.7047,-105.0814
Lancaster,MA,42.4501,-71.6834
Lancaster,NY,42.9,-78.6333
Lancaster,PA,40.0379,-76.3055
Land O'Lakes,FL,28.2167,-82.45
Landover,MD,38.9459,-76.8747
Lanett,AL,32.8646,-85.1977
Langdon,ND,48.7758,-98.3709
Lapeer,MI,43.0495,-83.3166
Larchmont,NY,40.9298,-73.7504
Larksville,PA,41.2723,-75.9085
Las Cruces,NM,32.3199,-106.7637
Las Vegas,NV,36.1716,-115.1391
Latrobe,PA,40.3276,-79.3945
Lauderdale by the Sea,FL,26.1895,-80.0967
Laurel,MD,39.0993,-76.8483
Laurel,MS,31.6946,-89.1306
Lawrence,GA,33.9571,-83.9874
Lawrenceburg,IN,39.0964,-84.8502
Lawrenceville,GA,33.9571,-83.9874
Laytonsville,MD,39.2007,-77.1294
League City,TX,29.5094,-95.0788
Leavenworth,KS,39.3189,-94.9191
Lebanon,NH,43.6362,-72.2515
Lebanon,PA,40.3365,-76.4164
Lee's Summit,MO,38.9100,-94.3830
Lees Summit,MO,38.9100,-94.3830
Leeton,MO,38.5997,-93.7505
Leland,MI,45.0236,-85.7565
Lemoore,CA,36.0027,-119.7737
Lenexa,KS,38.9500,-94.7300
Levittown,NY,40.7198,-73.5076
Lewes,DE,38.7651,-75.1380
Lewistown,PA,40.5973,-77.5719
Lexington,KY,38.0406,-84.5037
Lexington,NE,40.7808,-99.7765
Lexington,TX,30.4902,-96.7905
Leyden,MA,42.6848,-72.5695
Liberty Hill,TX,30.6727,-97.7406
Liberty Township,OH,39.4006,-84.4000
Libertyville,IL,42.2814,-87.9528
Lighthouse Point,FL,26.2734,-80.0878
Lincoln University,PA,39.8009,-75.9327
Lincolnwood,IL,42.0075,-87.7406
Lineboro,MD,39.7040,-76.8836
Linwood,NJ,39.3754,-74.5829
Lisle,IL,41.7900,-88.0806
Litchfield Park,AZ,33.4939,-112.3596
Lititz,PA,40.1545,-76.3072
Little Mountain,SC,34.1957,-81.4426
Little Orleans,MD,39.6734,-78.3975
Little Rock,AR,34.7465,-92.2896
Littleton,CO,39.6133,-105.0166
Livingston,NJ,40.7876,-74.3235
Long Beach,CA,33.7701,-118.1937
Long Beach,NY,40.5876,-73.6615
Loomis,CA,38.8207,-121.1072
Lorton,VA,38.7001,-77.2308
Los Altos,CA,37.3861,-122.1136
Los Angeles,CA,34.0522,-118.2437
Los Gatos,CA,37.2266,-121.9550
Louisville,KY,38.2527,-85.7585
Lovelady,TX,31.2007,-95.4480
Lynchburg,VA,37.4001,-79.1500
Lynn Haven,FL,30.2205,-85.6299
Lynnwood,WA,47.8209,-122.3054
Lyons,CO,40.2278,-105.2936
Macon,GA,32.8407,-83.6324
Madison,AL,34.7023,-86.7486
Madison,CT,41.2776,-72.6076
Madison,NJ,40.7498,-74.4063
Madison,SD,44.0044,-97.0837
Madison,WI,43.0731,-89.4012
Madisonville,KY,37.3253,-87.5058
Magnolia,TX,30.2116,-95.7447
Makawao,HI,20.8878,-156.3389
Malibu,CA,34.0259,-118.7798
Malvern,PA,40.0365,-75.5166
Mammoth Lakes,CA,37.6485,-118.9721
Manalapan Township,NJ,40.2976,-74.3404
Manassas,VA,38.7515,-77.4753
Manchester,CT,41.7793,-72.5234
Manchester,ME,44.3412,-69.8778
Manchester,NH,42.9956,-71.4547
Manchester Center,VT,43.1667,-73.0667
Manhattan Beach,CA,33.8842,-118.4106
Mankato,MN,44.1694,-93.9994
Manlius,NY,43.0106,-75.9747
Maple Grove,MN,45.0744,-93.4472
Maple Valley,WA,47.3833,-122.0333
Mapleton,MN,43.9583,-93.9583
Maplewood,NJ,40.7315,-74.2765
Marblehead,MA,42.5001,-70.8806
Marietta,GA,33.9526,-84.5499
Marina,CA,36.6841,-121.8033
Marine on St. Croix,MN,45.1833,-92.8000
Marion,IL,37.7306,-89.0056
Marion,MA,41.6765,-70.7853
Marlboro,NJ,40.3556,-74.2000
Marlborough,CT,41.6333,-72.4333
Marlborough,MA,42.3459,-71.5528
Marquette,MI,46.5458,-87.3956
Marshfield,MA,42.1000,-70.7000
Marstons Mills,MA,41.6750,-70.4000
Marysville,MI,42.9167,-82.4833
Massapequa,NY,40.6667,-73.4667
Massapequa Park,NY,40.6667,-73.4500
Massillon,OH,40.7939,-81.5378
Matawan,NJ,40.4167,-74.2333
Matthews,NC,35.1167,-80.7167
Mayflower,AR,34.9667,-92.4000
McCammon,ID,42.6667,-112.1333
McFarland,WI,43.0000,-89.2833
McKinney,TX,33.1939,-96.6189
McLean,VA,38.9333,-77.1667
McPherson,KS,38.3667,-97.6667
McSherrytown,PA,39.8000,-77.0667
Mead,WA,47.7833,-117.3333
Meadville,PA,41.6333,-80.1500
Mechanicsburg,PA,40.2167,-76.9000
Medfield,MA,42.1667,-71.3333
Melrose,MA,42.4667,-71.0667
Memphis,TN,35.1175,-89.9711
"Memphis, Tenn.",TN,35.1175,-89.9711
Menlo Park,CA,37.4528,-122.1819
Merced,CA,37.3021,-120.4824
Meridian,ID,43.6129,-116.3915
Merritt Island,FL,28.3569,-80.6867
Mesa,AZ,33.4152,-111.8315
Mesquite,TX,32.7668,-96.5997
Methuen,MA,42.7390,-71.1806
Miami,FL,25.7617,-80.1918
Miami Beach,FL,25.7907,-80.1397
Michigan City,IN,41.7139,-86.9000
Middleburg,VA,38.9804,-77.7394
Middlebury,IN,41.6689,-85.7197
Middlefield,CT,41.5348,-72.6848
Middletown,DE,39.5398,-75.7483
Middletown,OH,39.5156,-84.3980
Midland,MI,43.6156,-84.2478
Midland,TX,31.9974,-102.0779
Midway,UT,40.5055,-111.4796
Milan,MI,42.0834,-83.6827
Milford,CT,41.2223,-73.0540
Milford Center,OH,40.1489,-83.4205
Mililani,HI,21.4408,-158.0036
Milipitas,CA,37.4323,-121.8957
Millbury,OH,41.5795,-83.4077
Millersville,MD,39.0712,-76.6386
Milpitas,CA,37.4323,-121.8957
Milton,WI,42.7986,-89.0437
Milton,WV,38.4384,-82.1479
Milwaukee,WI,43.0389,-87.9065
Mineral Wells,TX,32.8057,-98.1139
Minneapolis,MN,44.9778,-93.2650
Minneapolis-St. Paul,MN,44.9778,-93.265
Minnetonka,MN,44.9333,-93.4666
Minnetrista,MN,44.9408,-93.6702
Mishawaka,IN,41.6606,-86.1097
Mission Viejo,CA,33.6,-117.65
Missoula,MT,46.8721,-113.994
Missouri City,TX,29.5833,-95.5333
"Missouri City, Texas",TX,29.5833,-95.5333
Mobile,AL,30.6954,-88.0399
Modesto,CA,37.6391,-120.9969
Mohegan Lake,NY,41.3,-73.8667
Monona,WI,43.0667,-89.3333
Monroe,CT,41.3333,-73.2333
Monroe,WA,47.8554,-121.9715
Monrovia,CA,34.1494,-118.0034
Montclair,NJ,40.8167,-74.2
Monterey,CA,36.6002,-121.8947
Monteverde,FL,28.6333,-81.65
Montgomery,TX,30.3833,-95.6833
Montgomery,VT,44.8833,-72.6
Montpelier,VT,44.26,-72.576
Monument,CO,39.0833,-104.85
Moore,OK,35.3333,-97.4833
Moorestown,NJ,39.9667,-74.9333
Mooresville,NC,35.8833,-80.8333
Moorhead,MN,46.8667,-96.7667
Moorpark,CA,34.2833,-118.7667
Moosic,PA,41.3667,-75.6833
Morgan City,LA,29.6966,-91.2065
Morgan Hill,CA,37.1333,-121.65
Morganville,NJ,40.3867,-74.2096
Morris,AL,33.7493,-86.8097
Morristown,NJ,40.7965,-74.4807
Morrisville,VT,44.5695,-72.6009
Moses Lake,WA,47.1354,-119.2786
Moultrie,GA,31.1799,-83.7885
Mounds View,MN,45.1005,-93.2002
Mount Airy,MD,39.3676,-77.1508
Mount Holly,NC,35.2987,-81.0298
Mount Laurel,NJ,39.9576,-74.9143
Mount Olive,NJ,40.8806,-74.7821
Mount Prospect,IL,42.0667,-87.9333
Mount Shasta,CA,41.3104,-122.3061
Mount Vernon,NY,40.9126,-73.8385
Mountain Iron,MN,47.5202,-92.8396
Mountain View,CA,37.3861,-122.0839
Mt. Airy,MD,39.3676,-77.1508
Mt. Vernon,NY,40.9126,-73.8385
Muncie,IN,40.1934,-85.3861
Muncy Valley,PA,41.3584,-76.4955
Murray,UT,40.6605,-111.8902
Murrieta,CA,33.5686,-117.1953
"Murrieta, Calif.",FL,,
Murrysville,PA,40.4356,-79.6895
Muskegon,MI,43.2256,-86.2487
Naperville,IL,41.75,-88.15
Naples,FL,26.142,-81.7948
Naples,NY,42.6184,-77.4005
Nashua,NH,42.7654,-71.4667
Nashville,IL,38.35,-89.3833
Nashville,TN,36.1627,-86.7816
National City,CA,32.6784,-117.0975
Nebraska City,NE,40.6761,-95.8653
Needham,MA,42.2808,-71.2306
Neenah,WI,44.1758,-88.4615
Nesconset,NY,40.8695,-73.1001
New Albany,OH,40.0895,-82.8235
New Braunfels,TX,29.7033,-98.1247
New Brighton,MN,45.0594,-93.2083
New Canaan,CT,41.1462,-73.5004
New Castle,CO,39.5694,-107.5939
New Iberia,LA,30.0035,-91.8165
New Kensington,PA,40.5656,-79.7617
New Orleans,LA,29.9511,-90.0715
New Paris,OH,39.8395,-84.7475
New Vernon,NJ,40.7676,-74.5263
New York,NY,40.7128,-74.006
New York City,NY,40.7128,-74.006
Newark,DE,39.6837,-75.7497
Newark,NJ,40.7357,-74.1724
Newark,"Del., MA",39.6837,-75.7497
Newberg,OR,45.3007,-122.9654
Newbury Park,CA,34.1908,-118.994
Newcastle,OK,35.2006,-97.6003
Newfane,NY,43.2706,-78.6947
Newnan,GA,33.3796,-84.7994
Newport,ME,44.8195,-69.2606
Newport Beach,CA,33.6189,-117.9289
Newton,MA,42.337,-71.2092
Newtown,PA,40.2265,-74.9357
Nixa,MO,37.0378,-93.2877
Noblesville,IN,40.0456,-86.0136
Norco,CA,33.9258,-117.5606
Norfolk,NE,42.0397,-97.4092
Norfolk,VA,36.8508,-76.2859
Norlina,NC,36.4607,-78.1694
Norman,OK,35.2226,-97.4395
North Andover,MA,42.6806,-71.1345
North Bellmore,NY,40.6809,-73.5251
North Billerica,MA,42.5990,-71.2645
North Branford,CT,41.3626,-72.7745
North Canton,OH,40.8795,-81.4087
North Chelmsford,MA,42.6195,-71.3917
North Hills,CA,34.2378,-118.4906
North Hollywood,CA,34.1656,-118.3587
North Kingstown,RI,41.5793,-71.4506
North Liberty,IA,41.7397,-91.6060
North Little Rock,AR,34.7725,-92.2747
North Massapequa,NY,40.6876,-73.4735
North Reading,MA,42.5859,-71.0967
North Syracuse,NY,43.1095,-76.1402
North Tustin,CA,33.7700,-117.8200
Northbrook,IL,42.1278,-87.8339
Northfield,IL,42.0914,-87.7767
Northlake,IL,41.9242,-87.8934
Northport,NY,40.8934,-73.3512
Northridge,CA,34.2380,-118.5300
Northville,MI,42.4200,-83.6800
Norton,MA,41.9609,-71.1895
Norwalk,CT,41.1179,-73.4079
Norwell,MA,42.1514,-70.8356
Norwich,VT,43.7206,-72.2045
Norwood,CO,38.1386,-108.2926
Norwood,MA,42.1884,-71.1967
Novi,MI,42.4806,-83.4805
Nyack,NY,41.0918,-73.9207
Nānākuli,HI,21.3906,-158.1536
O'Fallon,MO,38.7995,-90.7068
Oahu,HI,21.4784,-157.9645
Oak Lawn,IL,41.7109,-87.7506
Oak Park,IL,41.8858,-87.7903
Oakland,AR,36.3923,-92.4085
Oakland,CA,37.8044,-122.2712
Oakland Township,MI,42.7486,-83.2099
"Oakley, Calif.",CA,37.9977,-121.7105
Oakton,VA,38.9098,-77.2805
Ocala,FL,29.1872,-82.1401
Ocean City,NJ,39.2776,-74.5746
Oceanside,CA,33.1959,-117.3795
Odem,TX,27.9356,-97.5758
Odessa,FL,28.1725,-82.5693
Odessa,MO,39.0028,-93.9405
Ogden,UT,41.2230,-111.9738
Ogema,WI,45.4855,-90.2835
Okawville,IL,38.3306,-89.5084
Okemos,MI,42.7095,-84.4219
Oklahoma City,OK,35.4676,-97.5164
Old Bridge,NJ,40.4079,-74.3313
Old Forge,NY,43.7584,-74.9963
Old Lyme,CT,41.3293,-72.3087
Old Monroe/Troy,MO,38.97921,-91.17376
Olmsted Falls,OH,41.36532,-81.90597
Olympic Valley,CA,39.19657,-120.23575
Omaha,NE,41.25654,-95.93450
Omro,WI,43.95554,-88.73094
Ontario,CA,34.06334,-117.65088
Ontario,OH,40.78033,-82.59794
Opelika,AL,32.64652,-85.37856
Orange,CA,33.78779,-117.85311
Orange,CT,41.28065,-73.02706
Orange,OH,41.46005,-81.44262
Orange County,CA,33.74557,-117.86783
Orangevale,CA,38.68351,-121.20634
Orchard Park,NY,42.76673,-78.74975
Ord,NE,41.60334,-98.93981
Orem,UT,40.29689,-111.69464
Orinda,CA,37.87160,-122.17970
Orland Park,IL,41.60003,-87.85395
Orlando,FL,28.53834,-81.37924
Ormond Beach,FL,29.28581,-81.06283
Oshkosh,WI,44.02081,-88.55122
Overland,MT,,
Overland Park,KS,38.98223,-94.67079
Oviedo,FL,28.66916,-81.20062
Owenton,KY,38.54395,-84.83995
Oxford,MS,34.36649,-89.51939
Ozark,MO,37.02005,-93.20463
Ozone Park,NY,40.67622,-73.84375
Pacific Palisades,CA,34.03467,-118.52730
Pacifica,CA,37.61382,-122.48636
Pahala,HI,19.1986,-155.4808
Palatine,IL,42.1003,-88.0334
Palisades Tahoe,CA,39.1977,-120.2366
Palm Bay,FL,28.0342,-80.6456
Palm Beach Gardens,FL,26.8239,-80.1239
Palm Desert,CA,33.7225,-116.3753
Palmdale,CA,34.5794,-118.1162
Palmer,AK,61.5994,-149.1139
Palmyra,VA,37.9254,-78.2439
Palo Alto,CA,37.4419,-122.143
Palos Heights,IL,41.6703,-87.8095
Palos Hills,IL,41.7053,-87.8373
Palos Verdes Estates,CA,33.79,-118.3887
Paola,KS,38.5703,-94.8708
Park City,UT,40.6461,-111.4979
Park Rapids,MN,46.9205,-95.0606
Park Ridge,IL,42.0084,-87.8306
Parker,CO,39.5144,-104.7622
Parker,TX,33.0276,-96.5703
Parkesburg,PA,39.9604,-75.908
Parkland,FL,26.3073,-80.2695
Parma,OH,41.4006,-81.729
Parsippany,NJ,40.879,-74.409
Pasadena,CA,34.1478,-118.1445
Pasadena,MD,39.0976,-76.5222
Pasadena,TX,29.6869,-95.2177
"Pasco, Wash.",WA,46.239,-119.1003
Pass Christian,MS,30.3155,-89.2456
Passaic,NJ,40.8565,-74.1285
Patterson,CA,37.4716,-121.1299
Pattonsburg,MO,39.98861,-94.00495
Peabody,MA,42.52926,-70.93061
Peachtree City,GA,33.39567,-84.58271
Pelham,NY,40.91093,-73.80985
Pembroke Pines,FL,26.00703,-80.34283
Pennington,NJ,40.34955,-74.80072
Peoria,AZ,33.58004,-112.23682
Perkasie,PA,40.39066,-75.30823
Perryton,TX,36.39447,-100.64042
Peru,VT,43.23896,-72.90677
Phelan,CA,34.46777,-117.53033
Phenix City,AL,32.47098,-85.00020
Pheonix,AZ,33.44838,-112.07404
Philadelphia,PA,39.95258,-75.16522
"Philadelphia, Penn.",PA,39.95258,-75.16522
Philladelphia,PA,39.95258,-75.16522
Phoenix,AZ,33.44838,-112.07404
Phoenixville,PA,40.12927,-75.52074
Pickerington,OH,39.89784,-82.75795
Pinckney,MI,42.46003,-83.95995
Pine City,MN,45.82024,-92.97271
Pineallas Park,FL,27.84086,-82.70093
Piscataway,NJ,40.54010,-74.47043
Pittsburgh,PA,40.44062,-79.99589
Pittsfield,VT,43.76673,-72.82566
Pittsford,NY,43.09034,-77.52222
Placentia,CA,33.87057,-117.86506
Placerville,CA,38.72963,-120.79855
Plainfield,IN,39.70365,-86.39861
Plainfield,NJ,40.61843,-74.41876
Plano,TX,33.0198,-96.6989
Plattsburgh,NY,44.7014,-73.4507
Pleasanton,CA,37.6606,-121.8756
Plymouth,MI,42.3703,-83.4702
Plymouth,MN,45.0069,-93.4547
Plymouth Meeting,PA,40.1098,-75.2807
Pocatello,ID,42.8719,-112.4608
Poland,OH,41.0206,-80.5906
Port Arthur,TX,29.8863,-93.9396
Port Jefferson Station,NY,40.9462,-73.0565
Port Jervis,NY,41.3784,-74.6907
Portage,MI,42.2031,-85.5806
Portage,WI,43.5397,-89.4632
Portland,OR,45.5231,-122.6765
Portsmouth,VA,36.8354,-76.2988
Portville,NY,42.0462,-78.4064
Poway,CA,32.9556,-117.0375
Powell,OH,40.1706,-83.0738
Powhatan,VA,37.5679,-77.9258
Poynette,WI,43.3908,-89.3626
Prairie du Chien,WI,43.0408,-91.1418
Prairieville,LA,30.3013,-90.9698
Prattville,AL,32.4635,-86.4583
Prescott,AZ,34.54,-112.4685
Prescott Valley,AZ,34.6167,-112.3238
Princeton,IN,38.1806,-87.5703
Princeton,NJ,40.3489,-74.6593
Providence,RI,41.824,-71.4128
Provo,UT,40.2338,-111.6585
Pueblo,CO,38.2545,-104.6091
Pulaski,WI,44.6647,-88.2309
Pullman,WA,46.7311,-117.1796
Putney,VT,42.9495,-72.5273
Queens,NY,40.7282,-73.7949
Quincy,WA,47.2365,-119.8545
Raeford,NC,34.9907,-79.2375
Raleigh,NC,35.7796,-78.6382
Ramsey,MN,45.2447,-93.4355
Rancho Cucamonga,CA,34.1061,-117.5903
Rancho Cucamonga,CA,34.1061,-117.5903
Rancho Palos Verdes,CA,33.7445,-118.3876
Rancho Santa Fe,CA,33.0225,-117.2003
Randolph,NJ,40.8526,-74.5763
Rathdrum,ID,47.7707,-116.8977
Ravenna,OH,41.1578,-81.2415
Reading,PA,40.3356,-75.9266
Red Oak,TX,32.5276,-96.8097
Redding,CA,40.5865,-122.3917
Redding,CT,41.2854,-73.3946
Redlands,CA,34.0562,-117.1828
Redmond,WA,47.6736,-122.1215
Redondo Beach,CA,33.8475,-118.3884
Redwood City,CA,37.4852,-122.2363
Redwood Shores,CA,37.5205,-122.2458
Reedsport,OR,43.7076,-124.0898
Reidsville,NC,36.3607,-79.667
Remsen,NY,43.3284,-75.1768
Reno,NV,39.5296,-119.8138
Renton,WA,47.4829,-122.217
Reston,VA,38.9687,-77.357
Rexburg,ID,43.8235,-111.7891
Rice Lake,WI,45.4908,-91.7388
Richardson,TX,32.9487,-96.7290
Richfield,MN,44.8908,-93.2752
Richland,WA,46.2859,-119.2850
Richmond,CA,37.9358,-122.3473
Richmond,VA,37.5407,-77.4360
Richview,IL,38.3181,-89.2637
Ridgefield,CT,41.2751,-73.4904
Ridgewood,NJ,40.9815,-74.1135
Rigby,ID,43.6977,-111.9208
Ringwood,NJ,41.0965,-74.2696
Ringwood,"N.J., NJ",41.0965,-74.2696
River Falls,WI,44.8625,-92.6249
Riverdale,NJ,40.9709,-74.3035
Riverside,CA,33.9806,-117.3755
Riverside,IL,41.8284,-87.8159
Riverwoods,IL,42.1642,-87.9006
Robesonia,PA,40.3606,-76.1627
Rochester,MA,41.6998,-70.8753
Rochester,NY,43.1566,-77.6088
Rochester Hills,MI,42.6603,-83.1499
Rockford,MI,43.1200,-85.5564
Rockledge,FL,28.3308,-80.7339
Rocklin,CA,38.7946,-121.2305
Rockville,MD,39.0840,-77.1528
Rockville Centre,NY,40.6543,-73.6396
Rogersville,MO,37.1356,-93.0702
Rolla,ND,48.8892,-99.6290
Rolling Hills Estates,CA,33.7892,-118.3534
Rome,GA,34.2570,-85.1649
Rome,NY,43.2128,-75.4557
Roosevelt,NY,40.6787,-73.5807
Roseau,MN,48.8144,-95.7597
Roselle,IL,41.9964,-88.0834
Rosemount,MN,44.7469,-93.1305
Roseville,MN,45.0097,-93.1652
Roswell,GA,34.0273,-84.3616
Roswell,NM,33.3942,-104.5229
Rowlett,TX,32.9015,-96.5772
Roxbury,CT,41.5790,-73.3037
Ruckersville,VA,38.2040,-78.3614
Rumson,NJ,40.3709,-74.0010
Rush,NY,42.9723,-77.6328
Russellville,AR,35.2784,-93.1349
Rutland,VT,43.6109,-72.9729
Rye,NY,40.9862,-73.6826
Sachse,TX,32.9865,-96.5625
Sacramento,CA,38.5816,-121.4944
"Sacramento, Calif.",CA,38.5816,-121.4944
Saginaw,MI,43.4195,-83.9442
Saint Cloud,MN,45.5576,-94.1633
Saint Paul,MN,44.9537,-93.0900
Sainte Genevieve,MO,37.9795,-90.0415
Salem,MA,42.5195,-70.8967
Salem,NH,42.7876,-71.2090
Salem,OR,44.9429,-123.0351
Salina,KS,38.8292,-97.6114
Salinas,CA,36.6777,-121.6555
Salt Lake City,NY,40.7608,-111.8910
Salt Lake City,UT,40.7608,-111.8910
Sammamish,WA,47.6168,-122.0357
San Anselmo,CA,37.9655,-122.5675
San Antonio,TX,29.4241,-98.4936
San Clemente,CA,33.4269,-117.6120
San Diego,CA,32.7157,-117.1611
"San Diego, Calif.",CA,32.7157,-117.1611
San Dimas,CA,34.1042,-117.8006
San Francisco,CA,37.7749,-122.4194
San Gabriel,CA,34.0961,-118.0978
San Jose,CA,37.3382,-121.8863
San Juan Capistrano,CA,33.4939,-117.6620
San Marino,CA,34.1200,-118.1170
San Pedro,CA,33.7362,-118.2923
Sand Lake,NY,42.6390,-73.5790
Sandersville,GA,32.9868,-82.8104
Sandhill,MS,32.4207,-89.9676
Sandpoint,ID,48.2769,-116.5535
Sanford,FL,28.7914,-81.2728
Sanford,ME,43.4376,-70.7767
Santa Barbara,CA,34.4208,-119.6902
Santa Clara,CA,37.3541,-121.9552
Santa Clarita,CA,34.3917,-118.5470
Santa Cruz,CA,36.9741,-122.0308
Santa Fe Springs,CA,33.9317,-118.0709
Santa Margherita,CA,35.3833,-120.4000
Santa Maria,CA,34.9530,-120.4358
Santa Monica,CA,34.0195,-118.4912
"Santa Monica, Calif.",CA,34.0195,-118.4912
Santa Rosa,CA,38.4404,-122.7141
Santa Rosa Beach,FL,30.3799,-86.2205
Santee,CA,32.8489,-116.9714
Sarasota,FL,27.3364,-82.5307
Saratoga,CA,37.2639,-122.0236
Saugus,CA,34.4000,-118.5000
Saugus,MA,42.4834,-71.0006
Sauk Village,IL,41.5000,-87.5667
Sault Ste. Marie,MI,46.4917,-84.3461
Saunderstown,RI,41.5000,-71.4333
Savage,MN,44.7700,-93.3400
Savoy,IL,40.0500,-88.2500
Saylorsburg,PA,40.9167,-75.3500
Scarsdale,NY,40.9333,-73.7999
Scituate,MA,42.1999,-70.7333
Scott City,KS,38.4833,-101.0333
Scottsdale,AZ,33.4942,-111.9261
Sea Island,GA,31.1833,-81.3333
Seaford,VA,37.2333,-76.4000
Seal Beach,CA,33.7417,-118.0750
"Sealy, Texas",TX,29.7783,-96.1583
Searcy,AR,35.2500,-91.7333
Seattle,WA,47.6062,-122.3321
"Seekonk, Mass",MA,41.8000,-71.3333
Seven Fields,PA,40.7000,-80.0167
Sewell,NJ,39.7833,-75.1000
Shaftsbury,VT,42.9667,-73.2333
Shaker Heights,OH,41.4833,-81.5667
Shavertown,PA,41.3167,-75.9000
Shelburne,VT,44.3667,-73.2333
Shelby,NC,35.2000,-81.5333
Shelby,NE,41.3097,-97.5367
Shelby Township,MI,42.6789,-83.0317
Shelbyville,KY,38.2139,-85.2222
Shoreview,MN,45.0786,-93.1367
Short Hills,NJ,40.739,-74.331
Shreveport,LA,32.5252,-93.7502
Shrewsbury,MA,42.2796,-71.709
Sicklerville,NJ,39.704,-74.981
Sidney,NE,41.1394,-102.9777
Signal Hill,CA,33.7911,-118.1606
Silver Spring,MD,39.0026,-77.0249
Silverthorne,CO,39.6264,-106.0714
Simi Valley,CA,34.2694,-118.7815
Simons Island,GA,31.1494,-81.3908
Sioux City,IA,42.4925,-96.4002
Sioux Falls,SD,43.5446,-96.7317
Skiatook,OK,36.3606,-96.0075
Slate Hill,NY,41.4056,-74.4536
Slippery Rock,PA,41.0606,-80.0506
Smithson Valley,TX,29.87,-98.4
Smithtown,NY,40.8584,-73.2007
Snellville,GA,33.8596,-84.0099
Snohomish,WA,47.9112,-122.0976
Snowflake,AZ,34.5167,-110.0833
Solon,OH,41.3939,-81.4476
Somerset,CA,38.6818,-120.7963
Somerville,MA,42.3876,-71.0995
Sommerset,NJ,40.5,-74.55
South Bend,IN,41.6834,-86.25
South Euclid,OH,41.52,-81.52
South Freeport,ME,43.8251,-70.1067
South Hadley,MA,42.2612,-72.5712
South Lake Tahoe,CA,38.9399,-119.9772
South Pasadena,CA,34.1147,-118.1559
Southborough,MA,42.2965,-71.5456
Southington,CT,41.5976,-72.8876
Southlake,TX,32.9562,-97.1347
Sparks,NV,39.5338,-119.7499
Spokane,WA,47.6588,-117.426
Spokane Valley,WA,47.6738,-117.2199
Spring,TX,30.0777,-95.4158
Spring Grove,PA,39.8784,-76.8647
Spring Lake,NJ,40.1587,-74.0435
Spring Park,MN,44.9458,-93.6069
Spring Valley,CA,32.7403,-116.9947
Springfield,MO,37.2153,-93.2982
Springfield,NH,43.5237,-72.0834
Springfield,OH,39.9242,-83.8094
Springfield,OR,44.0465,-123.0226
Springfield,VA,38.789,-77.1861
St Louis,MO,38.627,-90.1994
St. Augustine,FL,29.9012,-81.3125
St. Charles,MO,38.7889,-90.4957
St. Cloud,MN,45.5583,-94.1631
St. Croix Falls,WI,45.408,-92.6394
St. Francis,MN,45.3622,-93.3005
St. Joseph,IL,40.1114,-88.0045
St. Louis,IL,38.627,-90.15
St. Louis,MO,38.627,-90.1994
St. Louis Park,MN,44.9458,-93.3605
"St. Louis, Mo.",MO,38.627,-90.1994
St. Paul,MN,44.9537,-93.09
St. Petersburg,FL,27.7676,-82.6403
St. Thomas,VI,18.3417,-64.9333
Stafford,VA,38.4251,-77.4058
Stamford,CT,41.0534,-73.5387
Stanley,NC,35.356,-81.1006
Stanley,ND,48.3097,-102.3996
Starksboro,VT,44.2256,-73.0076
Staten Island,NY,40.579,-74.1502
Statesville,NC,35.7829,-80.8895
Steamboat Springs,CO,40.4844,-106.8317
Stehekin,WA,48.3107,-120.7937
Sterling,KS,38.2097,-98.204
Sterling,VA,39.0068,-77.4286
Stevens,PA,40.2459,-76.1555
Stevens Point,WI,44.5236,-89.5701
Stevensons Ranch,CA,34.4097,-118.5806
Stillwater,MN,45.0569,-92.8205
Stillwater,OK,36.1153,-97.0585
Stockbridge,GA,33.5415,-84.2327
Stockton,CA,37.9577,-121.2908
Stockton Springs,ME,44.4712,-68.8059
Stoneham,MA,42.4815,-71.1006
Stoughton,MA,42.1284,-71.1006
Stowe,VT,44.4656,-72.6876
Strafford,PA,40.0498,-75.4099
Stratford,CT,41.1834,-73.1337
Strawberry,CA,38.1835,-120.0999
Stuart,FL,27.1975,-80.252
Studio City,CA,34.1467,-118.3939
Sturgis,SD,44.4094,-103.5094
Sudbury,MA,42.3945,-71.4045
Sugar Land,TX,29.6194,-95.6311
Suisun,CA,38.2297,-122.0408
Summerville,GA,34.4747,-85.3508
Summit,NJ,40.714,-74.359
Sun Prairie,WI,43.1819,-89.2275
Sun Valley,ID,43.6808,-114.315
Sunbury,OH,40.25,-82.9
Suncoast,FL,27.3364,-82.5307
Sundance,UT,40.3958,-111.5869
Superior,WI,46.7208,-92.0972
Surprise,AZ,33.6308,-112.3483
Sutter,CA,39.1725,-121.81
Suwanee,GA,34.05,-84.07
Swisher,IA,41.85,-91.68
Syosset,NY,40.82,-73.5
Syracuse,NY,43.0481,-76.1474
Syracuse,UT,41.0792,-112.0625
Tacoma,WA,47.2529,-122.4443
Tahoe City,CA,39.1625,-120.1425
Tallahassee,FL,30.4383,-84.2807
Tampa,FL,27.9642,-82.4584
"Tampa, Fla.",FL,27.9642,-82.4584
Tarzana,CA,34.17,-118.56
Taylor,TX,30.56,-97.4
Tekoa,WA,47.22,-117.06
Telluride,CO,37.9375,-107.8125
Temecula,CA,33.4939,-117.1481
Tempe,AZ,33.4152,-111.8915
Tequesta,FL,26.9539,-80.1089
Terre Haute,IN,39.4667,-87.4139
Texarkana,TX,33.4264,-94.0472
The Colony,TX,33.0853,-96.8897
The Woodlands,TX,30.1658,-95.461
Thornton,CO,39.9011,-104.9736
Thorofare,NJ,39.8501,-75.2199
Thousand Oaks,CA,34.1705,-118.8376
"Thousand Oaks, Calif.",CA,34.1705,-118.8376
Tiffin,OH,41.1167,-83.1833
Toledo,OH,41.6639,-83.5556
Tolland,CT,41.859,-72.3709
Tomball,TX,30.0972,-95.6294
Toms River,NJ,39.9537,-74.2085
Tontogany,OH,41.4556,-83.7
Topanga,CA,34.0917,-118.6042
Topeka,KS,39.0472,-95.6783
Topsfield,MA,42.6462,-70.9495
Topton,PA,40.4904,-75.7602
Torrance,CA,33.8358,-118.34
Towson,MD,39.3986,-76.6019
Trenton,NJ,40.2237,-74.7641
Trenton,OH,39.5506,-84.4394
Trophy Club,TX,33.0031,-97.2003
Trout Lake,WA,45.9833,-121.5333
Truckee,CA,39.3272,-120.1831
Tucson,AZ,32.2217,-110.9265
Tulsa,OK,36.154,-95.9928
"Tulsa, Okla.",OK,36.154,-95.9928
Tuscaloosa,AL,33.2098,-87.5692
Tustin,CA,33.7489,-117.8217
Twin Falls,ID,42.5535,-114.4606
Union City,CA,37.5944,-122.0327
Uniondale,NY,40.7065,-73.5965
Uniontown,PA,39.9012,-79.6253
University Heights,OH,41.5034,-81.5204
University Place,WA,47.2009,-122.5601
Upland,CA,34.0972,-117.6489
Upper Arlington,OH,40.0195,-83.0505
Upper Montclair,NJ,40.8309,-74.2096
Urbandale,IA,41.6308,-93.7027
Vacaville,CA,38.3568,-121.9877
Vadnais Heights,MN,45.0686,-93.0677
Vail,CO,39.6403,-106.3742
Valdosta,GA,30.8335,-83.2788
Valencia,CA,34.4279,-118.5587
Vallejo,CA,38.1041,-122.2569
Valley Center,CA,33.2492,-117.0308
Valley Stream,NY,40.6593,-73.7076
Valparaiso,IN,41.4745,-87.0595
Vance,SC,33.3668,-80.3709
Vancouver,WA,45.6387,-122.6615
Vashon Island,WA,47.4479,-122.4607
Ventura,CA,34.2792,-119.2945
Vermontville,NY,44.4092,-74.0882
Verona,WI,42.9922,-89.5201
Vestavia Hills,AK,33.4401,-86.7875
Victorville,CA,34.5361,-117.2917
Vidalia,GA,32.2088,-82.4135
Vienna,VA,38.9012,-77.2653
Villa Park,CA,33.8125,-117.8189
Virginia Beach,VA,36.8529,-75.9780
Visalia,CA,36.3308,-119.2929
Vista,CA,33.2003,-117.2420
Voorhees,NJ,39.8554,-74.9607
Waco,TX,31.5493,-97.1467
Wadsworth,OH,41.0256,-81.7376
Wahiawa,HI,21.5022,-158.0236
"Wahiawa, Oahu",HI,21.5022,-158.0236
Waipahu,HI,21.3869,-158.0086
Waitsfield,VT,44.1945,-72.8226
Wake Forest,NC,35.9793,-78.5108
Waldorf,MD,38.6462,-76.9094
Walkerton,IN,41.4489,-86.4172
Walla Walla,WA,46.0646,-118.3438
Wallingford,PA,39.9076,-75.4013
Walnut Creek,CA,37.9068,-122.0657
Waltham,MA,42.3765,-71.2356
Walton,KY,38.8070,-84.6063
Warner,OK,35.4806,-95.3572
Warren,IL,42.5050,-89.9954
Warren,MI,42.4920,-83.0249
Warren,VT,44.0995,-72.9037
Warrington,PA,40.2598,-75.1485
Warroad,MN,48.9080,-95.3094
Waseca,MN,44.0772,-93.5827
Washington,DC,38.9072,-77.0369
Washington D.C.,MD,38.9072,-77.0369
"Washington, D.C.",WA,38.9072,-77.0369
Wasilla,AK,61.5828,-149.4397
Waterford,MI,42.6389,-83.3989
Waterford,WI,42.7667,-88.2167
Watertown,MA,42.3722,-71.1828
Watkins Glen,NY,42.3397,-76.8728
Wauconda,IL,42.27,-88.14
Waukegan,IL,42.3639,-87.8447
Wayland,MA,42.3458,-71.3658
Wayne,NJ,40.9228,-74.2689
Weatherford,TX,32.7597,-97.7939
Wellington,FL,26.6567,-80.2667
Wellington,KS,37.26,-97.3889
Wellington,MO,39.0833,-93.9833
Wenatchee,WA,47.4233,-120.31
Wenham,MA,42.59,-70.84
Wesley Chapel,FL,28.1767,-82.3583
West Bend,WI,43.4222,-88.1833
West Bloomfield,MI,42.5667,-83.3833
West Chester,OH,39.3333,-84.4
West Chester,PA,39.9597,-75.6058
West Covina,CA,34.0117,-117.92
West Dover,VT,42.9083,-72.8083
West Grove,PA,39.82,-75.8
West Hollywood,CA,34.09,-118.36
West Lafayette,IN,40.4267,-86.9083
West Monroe,LA,32.5167,-92.15
West Monroe,NY,43.3,-76.0833
West Nyack,NY,41.09,-73.96
West Orange,NJ,40.78,-74.23
West Seneca,NY,42.82,-78.75
"Westampton, NJ",NJ,39.9787,-74.8396
"Westbury, NY",NY,40.7698,-73.5851
"Westfield, IN",IN,40.0403,-86.1364
"Westfield, MA",MA,42.1251,-72.7451
"Westford, VT",VT,44.6295,-73.0037
"Westlake, TX",TX,32.9698,-97.2036
"Westminster, CA",CA,33.7583,-117.9948
"Westminster, CO",CO,39.8972,-105.0397
"Weston, CT",CT,41.2265,-73.3646
"Weston, FL",FL,26.1001,-80.3998
"Weston, MA",MA,42.3698,-71.3256
"Westwoods, CA",CA,34.0637,-118.4473
"Wheaton, IL",IL,41.8667,-88.1084
"White Bear Lake, MN",MN,45.0872,-93.0041
"White Hall, MD",MD,39.6587,-76.5397
"White Lake, MI",MI,42.6645,-83.5652
"White Plains, NY",NY,41.0001,-73.7635
"Whitefish, MT",MT,48.4111,-114.3376
"Whitefish Bay, WI",WI,43.1097,-87.9048
"Whitehouse Station, NJ",NJ,40.6198,-74.7696
"Wichita, KS",KS,37.6872,-97.3300
"Wichita, Kan., KS",KS,37.6872,-97.3300
"Wildwood Crest, NJ",NJ,38.9804,-74.8396
"Williamsburg, VA",VA,37.2707,-76.7075
"Williamson, GA",GA,33.1598,-84.3499
"Williamsville, NY",NY,42.9689,-78.7247
"Willingboro, NJ",NJ,40.0387,-74.8985
"Williston Park, NY",NY,40.7698,-73.6198
"Williston, Fla., NH",NH,29.3908,-82.4076
"Willoughby, Ohio, OH",OH,41.6406,-81.4087
Willowbrook,IL,41.7403,-87.9628
Wilmette,IL,42.0753,-87.7095
Wilmington,DE,39.7459,-75.5466
Wilmington,IL,41.2906,-88.1384
Wilmington,MA,42.5668,-71.1778
Wilmington,NC,34.2257,-77.9447
Wilton,CT,41.1856,-73.4215
Winchester,VA,39.1859,-78.1693
"Windsor, Connecticut",CT,41.8501,-72.6459
Winfield,IL,41.8795,-88.1406
Winhall,VT,43.1934,-72.9065
Winnetka,IL,42.1039,-87.7356
Winona,MN,44.0522,-91.6376
Winston Salem,NC,36.0999,-80.2442
Winter Garden,FL,28.5608,-81.5706
Winter Park,CO,39.8933,-105.7639
Winter Park,FL,28.5997,-81.3578
Winthrop,WA,48.4796,-120.1862
Woburn,MA,42.4834,-71.1528
Woodbury,MN,44.9144,-92.9555
Woodinville,WA,47.7562,-122.1007
Woodland,CA,38.6788,-121.7736
Woodland,UT,40.6033,-111.2388
Woodridge,IL,41.7403,-88.0467
Woodside,CA,37.4241,-122.2575
Woodstock,GA,34.1026,-84.5194
Wooster,AR,35.2473,-92.3557
Wooster,OH,40.8089,-81.9357
Worcester,MA,42.2626,-71.8023
Wrightwood,CA,34.3639,-117.6353
Wyantskill,NY,42.6709,-73.6554
Wylie,TX,33.0137,-96.4805
Yakima,WA,46.6020,-120.5059
Yankton,SD,42.8705,-97.3967
Yardley,PA,40.2407,-74.8396
Yarmouth,ME,43.7901,-70.1889
Yorba Linda,CA,33.8889,-117.7561
Yuba City,CA,39.1405,-121.6230
Yucaipa,CA,34.0336,-117.0464
Zanesfield,OH,40.3806,-83.7027
